name,url
Ruslan Salakhutdinov,https://scholar.google.com/citations?hl=ko&user=ITZ1e7MAAAAJ
Sepp Hochreiter,https://scholar.google.com/citations?hl=ko&user=tvUH3WMAAAAJ
Chris Williams,https://scholar.google.com/citations?hl=ko&user=rvKJDbIAAAAJ
Tom Mitchell,https://scholar.google.com/citations?hl=ko&user=MnfzuPYAAAAJ
Amit kumar,https://scholar.google.com/citations?hl=ko&user=x2tzYAYAAAAJ
Max Welling,https://scholar.google.com/citations?hl=ko&user=8200InoAAAAJ
Carlos Guestrin,https://scholar.google.com/citations?hl=ko&user=DpLFv4gAAAAJ
Johannes Brandstetter,https://scholar.google.com/citations?hl=ko&user=KiRvOHcAAAAJ
Samy Bengio,https://scholar.google.com/citations?hl=ko&user=Vs-MdPcAAAAJ
Ajith Abraham,https://scholar.google.com/citations?hl=ko&user=i95DGLQAAAAJ
Carl Edward Rasmussen,https://scholar.google.com/citations?hl=ko&user=aqgFQqMAAAAJ
Samir Bhatt,https://scholar.google.com/citations?hl=ko&user=tL0x_vUAAAAJ
Stefan Schaal,https://scholar.google.com/citations?hl=ko&user=YGQs1AYAAAAJ
Yee Whye Teh,https://scholar.google.com/citations?hl=ko&user=y-nUzMwAAAAJ
Stephen Roberts,https://scholar.google.com/citations?hl=ko&user=T1lNNLkAAAAJ
John Winn,https://scholar.google.com/citations?hl=ko&user=GYksTEEAAAAJ
Larry Wasserman,https://scholar.google.com/citations?hl=ko&user=XcD1ffwAAAAJ
Md Asadul Islam,https://scholar.google.com/citations?hl=ko&user=ldReBBcAAAAJ
Mike Tipping,https://scholar.google.com/citations?hl=ko&user=k8Rs4JcAAAAJ
Badrul M. Sarwar,https://scholar.google.com/citations?hl=ko&user=ibqkopsAAAAJ
Menglong Zhu,https://scholar.google.com/citations?hl=ko&user=y3xgouMAAAAJ
Anton van den Hengel,https://scholar.google.com/citations?hl=ko&user=nMGZ2ZQAAAAJ
De-Shuang Huang,https://scholar.google.com/citations?hl=ko&user=L7Itc7UAAAAJ
Ziv Bar-Joseph,https://scholar.google.com/citations?hl=ko&user=9DCRnPkAAAAJ
"Issam El Naqa, PhD, FAAPM, FIEEE",https://scholar.google.com/citations?hl=ko&user=9Vdfc2sAAAAJ
Osmar Zaiane,https://scholar.google.com/citations?hl=ko&user=j-W_RNYAAAAJ
Shahab Shamshirband,https://scholar.google.com/citations?hl=ko&user=yPnZw3cAAAAJ
Gianluca Bontempi,https://scholar.google.com/citations?hl=ko&user=SX-QoHsAAAAJ
Leandro dos Santos Coelho,https://scholar.google.com/citations?hl=ko&user=0X7VkC4AAAAJ
Saurabh Kumar,https://scholar.google.com/citations?hl=ko&user=46l4YxcAAAAJ
Michael A Osborne,https://scholar.google.com/citations?hl=ko&user=iTNcAakAAAAJ
Kyle R. Heuton,https://scholar.google.com/citations?hl=ko&user=RIE2AC0AAAAJ
Ross D. King,https://scholar.google.com/citations?hl=ko&user=BgZp7XcAAAAJ
Sami Haddadin,https://scholar.google.com/citations?hl=ko&user=H1v0ztEAAAAJ
Sushmita Mitra,https://scholar.google.com/citations?hl=ko&user=PrUB1fAAAAAJ
Richard Bowden,https://scholar.google.com/citations?hl=ko&user=mvvgDvcAAAAJ
Benjamin Schrauwen,https://scholar.google.com/citations?hl=ko&user=i6gy5ZQAAAAJ
Sebastian Nowozin,https://scholar.google.com/citations?hl=ko&user=7-B7aQkAAAAJ
"Kevin Bache, Ph.D",https://scholar.google.com/citations?hl=ko&user=RSMBQOgAAAAJ
Kristian Kersting,https://scholar.google.com/citations?hl=ko&user=QY-earAAAAAJ
Alessandro Vullo,https://scholar.google.com/citations?hl=ko&user=dvAewJgAAAAJ
Hector Geffner,https://scholar.google.com/citations?hl=ko&user=Wd0CDmcAAAAJ
Jun Seita,https://scholar.google.com/citations?hl=ko&user=zBe2bBQAAAAJ
Zachary C. Lipton,https://scholar.google.com/citations?hl=ko&user=MN9Kfg8AAAAJ
Wai Lok Woo,https://scholar.google.com/citations?hl=ko&user=p1vNA4oAAAAJ
David A. Clifton,https://scholar.google.com/citations?hl=ko&user=mFN2KJ4AAAAJ
Angelo Cangelosi,https://scholar.google.com/citations?hl=ko&user=NyoHewcAAAAJ
Pedram Ghamisi,https://scholar.google.com/citations?hl=ko&user=Gr9afd0AAAAJ
Lorenzo Rosasco,https://scholar.google.com/citations?hl=ko&user=quJBh1EAAAAJ
Marcus Liwicki,https://scholar.google.com/citations?hl=ko&user=n1Y4zq4AAAAJ
Richard Everson,https://scholar.google.com/citations?hl=ko&user=GdsMZR8AAAAJ
Klaus Greff,https://scholar.google.com/citations?hl=ko&user=OcownLgAAAAJ
Reza Khorshidi (Gholamreza Salimi-Khorshidi),https://scholar.google.com/citations?hl=ko&user=2cWcY-MAAAAJ
Yang Song,https://scholar.google.com/citations?hl=ko&user=tvWB_yUAAAAJ
Frans Coenen,https://scholar.google.com/citations?hl=ko&user=phOEYbQAAAAJ
Mohsen Ghafoorian,https://scholar.google.com/citations?hl=ko&user=989WL-wAAAAJ
Huiyu Zhou,https://scholar.google.com/citations?hl=ko&user=bRWUiGIAAAAJ
Soeren Sonnenburg,https://scholar.google.com/citations?hl=ko&user=1Kr0r4kAAAAJ
Djork-Arné Clevert,https://scholar.google.com/citations?hl=ko&user=id2clmMAAAAJ
CA Murthy,https://scholar.google.com/citations?hl=ko&user=--9udFEAAAAJ
Fabien Campagne,https://scholar.google.com/citations?hl=ko&user=xL7mnNIAAAAJ
Alexandru Drimbarean,https://scholar.google.com/citations?hl=ko&user=kBKrS54AAAAJ
Fabio Valerio Massoli,https://scholar.google.com/citations?hl=ko&user=b5kxczMAAAAJ
Amos Storkey,https://scholar.google.com/citations?hl=ko&user=3Rlc8EAAAAAJ
Peter Grünwald,https://scholar.google.com/citations?hl=ko&user=wItp6h8AAAAJ
Bo Long,https://scholar.google.com/citations?hl=ko&user=oXpIT2QAAAAJ
Francesco Marcelloni,https://scholar.google.com/citations?hl=ko&user=_EkQr2QAAAAJ
Ann B. Lee,https://scholar.google.com/citations?hl=ko&user=pDQsaXgAAAAJ
Ryan Tibshirani,https://scholar.google.com/citations?hl=ko&user=cQ1P1qoAAAAJ
Rodolphe JENATTON,https://scholar.google.com/citations?hl=ko&user=QIR6rygAAAAJ
Geoff Gordon,https://scholar.google.com/citations?hl=ko&user=8LcYFjEAAAAJ
Anders Søgaard,https://scholar.google.com/citations?hl=ko&user=x3I4CrYAAAAJ
Seyed-Ahmad Ahmadi,https://scholar.google.com/citations?hl=ko&user=xqGgWvQAAAAJ
Johannes Kofler,https://scholar.google.com/citations?hl=ko&user=hhjnYvsAAAAJ
Gavin Brown,https://scholar.google.com/citations?hl=ko&user=IGApvF0AAAAJ
Zhiting Hu,https://scholar.google.com/citations?hl=ko&user=N7_xhHoAAAAJ
Kezhi Mao,https://scholar.google.com/citations?hl=ko&user=jCsRJXUAAAAJ
Aarti Singh,https://scholar.google.com/citations?hl=ko&user=vGBcNVAAAAAJ
Gerhard Wunder,https://scholar.google.com/citations?hl=ko&user=I9ifRZEAAAAJ
Fabian Scheipl,https://scholar.google.com/citations?hl=ko&user=6yu-fUsAAAAJ
Seyed-Mohsen Moosavi-Dezfooli,https://scholar.google.com/citations?hl=ko&user=qosS83IAAAAJ
Nathan Sturtevant,https://scholar.google.com/citations?hl=ko&user=3utEUeoAAAAJ
Darko Zibar,https://scholar.google.com/citations?hl=ko&user=ir13bnAAAAAJ
JY Goulermas,https://scholar.google.com/citations?hl=ko&user=pYnXjN4AAAAJ
Carlo Gatta,https://scholar.google.com/citations?hl=ko&user=AXOiHucAAAAJ
Jaume Bacardit,https://scholar.google.com/citations?hl=ko&user=-_5Ei5EAAAAJ
Roy Maxion,https://scholar.google.com/citations?hl=ko&user=2buw6_IAAAAJ
Günter Klambauer,https://scholar.google.com/citations?hl=ko&user=rb2AvxIAAAAJ
Weisi Guo,https://scholar.google.com/citations?hl=ko&user=lhC7GvEAAAAJ
Ali Arsanjani,https://scholar.google.com/citations?hl=ko&user=mPkDQhsAAAAJ
Lambert Wixson,https://scholar.google.com/citations?hl=ko&user=4ZSNT-EAAAAJ
Lidia Mangu,https://scholar.google.com/citations?hl=ko&user=6IR9wSEAAAAJ
Robert Jenssen,https://scholar.google.com/citations?hl=ko&user=HiviXjIAAAAJ
Mariusz Bojarski,https://scholar.google.com/citations?hl=ko&user=5isUxCgAAAAJ
Eun Yong Kang,https://scholar.google.com/citations?hl=ko&user=gwEbv2IAAAAJ
Zheng-Hua Tan,https://scholar.google.com/citations?hl=ko&user=fugL2E8AAAAJ
Francisco Pereira,https://scholar.google.com/citations?hl=ko&user=HpbSzssAAAAJ
Jason Brownlee,https://scholar.google.com/citations?hl=ko&user=hVaJhRYAAAAJ
Martin Heusel,https://scholar.google.com/citations?hl=ko&user=kyo9h_wAAAAJ
Eric Ringger,https://scholar.google.com/citations?hl=ko&user=XkkU-hwAAAAJ
Yichuan Charlie Tang,https://scholar.google.com/citations?hl=ko&user=aka4LuAAAAAJ
François Mairesse,https://scholar.google.com/citations?hl=ko&user=fKR5aAEAAAAJ
Afshin Dehghan,https://scholar.google.com/citations?hl=ko&user=wcX-UW4AAAAJ
Andreas Mayr,https://scholar.google.com/citations?hl=ko&user=3-Iw0tgAAAAJ
"Sotirios Tsaftaris, Chair in Machine Learning and Computer Vision",https://scholar.google.com/citations?hl=ko&user=jC1uFnYAAAAJ
Michael Fernandez Llamosa,https://scholar.google.com/citations?hl=ko&user=RtufY7MAAAAJ
Vinh Nguyen,https://scholar.google.com/citations?hl=ko&user=XfBr0_wAAAAJ
Shiva Kasiviswanathan,https://scholar.google.com/citations?hl=ko&user=XnHdkZUAAAAJ
Mostofa Patwary,https://scholar.google.com/citations?hl=ko&user=0rt4tbMAAAAJ
Haiping Lu (吕海平),https://scholar.google.com/citations?hl=ko&user=CArrsDMAAAAJ
Ernesto De Vito,https://scholar.google.com/citations?hl=ko&user=ypAqIyUAAAAJ
Al M Rashid,https://scholar.google.com/citations?hl=ko&user=qQSKiRAAAAAJ
Erik McDermott,https://scholar.google.com/citations?hl=ko&user=OqUlGZwAAAAJ
Paul Honeine,https://scholar.google.com/citations?hl=ko&user=yxk7n1kAAAAJ
Kalpana Seshadrinathan,https://scholar.google.com/citations?hl=ko&user=jPD85m0AAAAJ
Simon Harding,https://scholar.google.com/citations?hl=ko&user=SBWmaHsAAAAJ
Kelly Jones,https://scholar.google.com/citations?hl=ko&user=7XZHUIcAAAAJ
Hubert Ramsauer,https://scholar.google.com/citations?hl=ko&user=N9fjFCUAAAAJ
Zhi Xie,https://scholar.google.com/citations?hl=ko&user=31yIF4QAAAAJ
Erdogan Taskesen,https://scholar.google.com/citations?hl=ko&user=2fG38AkAAAAJ
Asja Fischer,https://scholar.google.com/citations?hl=ko&user=FyZbyIUAAAAJ
Lysandre Debut,https://scholar.google.com/citations?hl=ko&user=i9jjNaAAAAAJ
Oscar Beijbom,https://scholar.google.com/citations?hl=ko&user=XP_Hxm4AAAAJ
Ahmed Hosny,https://scholar.google.com/citations?hl=ko&user=J2iN9p8AAAAJ
Luca Dalessio,https://scholar.google.com/citations?hl=ko&user=8CgRgioAAAAJ
Abir Jaafar hussain,https://scholar.google.com/citations?hl=ko&user=RBImpzwAAAAJ
Nemanja Djuric,https://scholar.google.com/citations?hl=ko&user=D8OqoqgAAAAJ
Bin Gao,https://scholar.google.com/citations?hl=ko&user=O45XKiQAAAAJ
Simon Corston-Oliver,https://scholar.google.com/citations?hl=ko&user=7cjjgMsAAAAJ
Mohammad Taha Bahadori,https://scholar.google.com/citations?hl=ko&user=tlZvhyoAAAAJ
Jean Hennebert,https://scholar.google.com/citations?hl=ko&user=d_6NQwsAAAAJ
"Ankur Agarwal, PhD",https://scholar.google.com/citations?hl=ko&user=-YL4JiwAAAAJ
Pradipta Maji,https://scholar.google.com/citations?hl=ko&user=RtOqKr0AAAAJ
Francesca Odone,https://scholar.google.com/citations?hl=ko&user=riK7DscAAAAJ
Fabian Sinz,https://scholar.google.com/citations?hl=ko&user=xpwMxy8AAAAJ
Scott Evans,https://scholar.google.com/citations?hl=ko&user=aswkwxAAAAAJ
Adrien Gaidon,https://scholar.google.com/citations?hl=ko&user=2StUgf4AAAAJ
Dávid Pál,https://scholar.google.com/citations?hl=ko&user=WcPLnqMAAAAJ
Christina Lioma,https://scholar.google.com/citations?hl=ko&user=dXkFCYoAAAAJ
Katharina Eggensperger,https://scholar.google.com/citations?hl=ko&user=ADZN2nwAAAAJ
Raffay Hamid,https://scholar.google.com/citations?hl=ko&user=gdD2E9QAAAAJ
Verjans Johan,https://scholar.google.com/citations?hl=ko&user=57JVdyIAAAAJ
Jakob Macke,https://scholar.google.com/citations?hl=ko&user=FKOqtF8AAAAJ
Shankar Sankararaman,https://scholar.google.com/citations?hl=ko&user=ZdF5iTsAAAAJ
Matthias Feurer,https://scholar.google.com/citations?hl=ko&user=B_4_Uv4AAAAJ
Claudia Plant,https://scholar.google.com/citations?hl=ko&user=QSYzTd0AAAAJ
Shinichi Nakajima,https://scholar.google.com/citations?hl=ko&user=hXSvID4AAAAJ
Mike Flynn,https://scholar.google.com/citations?hl=ko&user=jxILYw8AAAAJ
Jesse N. Clark,https://scholar.google.com/citations?hl=ko&user=Eighd10AAAAJ
Markus Koskela,https://scholar.google.com/citations?hl=ko&user=J7HDk50AAAAJ
Gertjan Burghouts,https://scholar.google.com/citations?hl=ko&user=zN6afwwAAAAJ
David Kale,https://scholar.google.com/citations?hl=ko&user=yteZM6AAAAAJ
Carolina Galleguillos,https://scholar.google.com/citations?hl=ko&user=VkLsSZIAAAAJ
W Bradley Knox,https://scholar.google.com/citations?hl=ko&user=0a58TKgAAAAJ
Wei Lee Woon,https://scholar.google.com/citations?hl=ko&user=cmHsRGoAAAAJ
Chaitanya Ekanadham,https://scholar.google.com/citations?hl=ko&user=R8YBqhUAAAAJ
Aaditya Ramdas,https://scholar.google.com/citations?hl=ko&user=ZvFaPxUAAAAJ
Adrian Weller,https://scholar.google.com/citations?hl=ko&user=Ek4hM10AAAAJ
Noor H. Awad,https://scholar.google.com/citations?hl=ko&user=GW49_WoAAAAJ
C.-C. Joseph Wang,https://scholar.google.com/citations?hl=ko&user=v31bV20AAAAJ
Javier Artiles,https://scholar.google.com/citations?hl=ko&user=mxIpo5IAAAAJ
Eleftherios Spyromitros-Xioufis,https://scholar.google.com/citations?hl=ko&user=DnF3UEUAAAAJ
Jamie Sherrah,https://scholar.google.com/citations?hl=ko&user=1l_6_yMAAAAJ
Behzad Bozorgtabar,https://scholar.google.com/citations?hl=ko&user=kxAk6AoAAAAJ
Paul Fergus,https://scholar.google.com/citations?hl=ko&user=sLhEE60AAAAJ
sileye ba,https://scholar.google.com/citations?hl=ko&user=JE-Yq84AAAAJ
Alex H. Lang,https://scholar.google.com/citations?hl=ko&user=WlWma8EAAAAJ
Jayaraman J. Thiagarajan,https://scholar.google.com/citations?hl=ko&user=cMz65_oAAAAJ
Ganesh Venkatesh,https://scholar.google.com/citations?hl=ko&user=G7oHjssAAAAJ
Md. Muksitul Haque,https://scholar.google.com/citations?hl=ko&user=pUoJ8BgAAAAJ
Mihajlo Grbovic,https://scholar.google.com/citations?hl=ko&user=Yf-p1cQAAAAJ
Wei Zhang,https://scholar.google.com/citations?hl=ko&user=jnQ_nEMAAAAJ
Andrews Cordolino Sobral,https://scholar.google.com/citations?hl=ko&user=0Nm0uHcAAAAJ
Pablo F. Damasceno,https://scholar.google.com/citations?hl=ko&user=SGTBeJQAAAAJ
Conrad S.Tucker,https://scholar.google.com/citations?hl=ko&user=8N6uFIkAAAAJ
Quanshi Zhang,https://scholar.google.com/citations?hl=ko&user=iFFhHK0AAAAJ
Evan Welbourne,https://scholar.google.com/citations?hl=ko&user=O9EpeN0AAAAJ
Huziel E. Sauceda,https://scholar.google.com/citations?hl=ko&user=kL-CK18AAAAJ
Vicenç Gómez,https://scholar.google.com/citations?hl=ko&user=TWuHi7EAAAAJ
Marçal Rusiñol,https://scholar.google.com/citations?hl=ko&user=Uvxu49IAAAAJ
Ali Zarezade,https://scholar.google.com/citations?hl=ko&user=Bs0Cz8MAAAAJ
xingwei Yang,https://scholar.google.com/citations?hl=ko&user=QJpb480AAAAJ
Ricardo Silva,https://scholar.google.com/citations?hl=ko&user=I-ANa0QAAAAJ
Lior Shapira,https://scholar.google.com/citations?hl=ko&user=plM4QwQAAAAJ
Susana Zoghbi,https://scholar.google.com/citations?hl=ko&user=ravmkhkAAAAJ
Ioannis Partalas,https://scholar.google.com/citations?hl=ko&user=c_9-LzMAAAAJ
Souhaib Ben Taieb,https://scholar.google.com/citations?hl=ko&user=AYgO4oQAAAAJ
Shashibhushan Singh,https://scholar.google.com/citations?hl=ko&user=pfS5PqwAAAAJ
Alexandre Klementiev,https://scholar.google.com/citations?hl=ko&user=Im4IeIEAAAAJ
Arno Solin,https://scholar.google.com/citations?hl=ko&user=U_fJCnAAAAAJ
Daniel Munoz,https://scholar.google.com/citations?hl=ko&user=JyPn_SkAAAAJ
Shaojie Bai,https://scholar.google.com/citations?hl=ko&user=DLVP3PcAAAAJ
Nils Strodthoff,https://scholar.google.com/citations?hl=ko&user=Y7HmexQAAAAJ
Boaz Lerner,https://scholar.google.com/citations?hl=ko&user=Ipn8QWkAAAAJ
Novi Quadrianto,https://scholar.google.com/citations?hl=ko&user=I-rLzGcAAAAJ
Abhishek Chaurasia,https://scholar.google.com/citations?hl=ko&user=r8tMFqMAAAAJ
Huizhong Chen,https://scholar.google.com/citations?hl=ko&user=WghqyVMAAAAJ
Duncan Penfold-Brown,https://scholar.google.com/citations?hl=ko&user=rsdmK9UAAAAJ
Giuseppe Casalicchio,https://scholar.google.com/citations?hl=ko&user=MHcaZMQAAAAJ
Kevin Small,https://scholar.google.com/citations?hl=ko&user=tFwkk-YAAAAJ
Eric W. Tramel,https://scholar.google.com/citations?hl=ko&user=jre2iwMAAAAJ
Yang Song,https://scholar.google.com/citations?hl=ko&user=mMrQy7sAAAAJ
Changlin Zhang,https://scholar.google.com/citations?hl=ko&user=V5sxgHoAAAAJ
Gergely Neu,https://scholar.google.com/citations?hl=ko&user=uz27G84AAAAJ
Dogan Can,https://scholar.google.com/citations?hl=ko&user=7pJKNp8AAAAJ
Sunil V Kalmady,https://scholar.google.com/citations?hl=ko&user=R5SqbZEAAAAJ
Paul Pu Liang,https://scholar.google.com/citations?hl=ko&user=pKf5LtQAAAAJ
Andrei Zaharescu,https://scholar.google.com/citations?hl=ko&user=0sTXnK0AAAAJ
Jinshi Cui,https://scholar.google.com/citations?hl=ko&user=mgOosuUAAAAJ
David J. Berg,https://scholar.google.com/citations?hl=ko&user=D5GLRR8AAAAJ
Salah Al-sharhan,https://scholar.google.com/citations?hl=ko&user=K_eiVXkAAAAJ
Nesrine CHEHATA,https://scholar.google.com/citations?hl=ko&user=mEqRqaIAAAAJ
Sujoy Ganguly,https://scholar.google.com/citations?hl=ko&user=4XuOFfUAAAAJ
Hagen Fürstenau,https://scholar.google.com/citations?hl=ko&user=TTdWFfMAAAAJ
Jaume Amores,https://scholar.google.com/citations?hl=ko&user=xNHLB5oAAAAJ
Michael Brückner,https://scholar.google.com/citations?hl=ko&user=5ZyZ9JwAAAAJ
Jun Luo,https://scholar.google.com/citations?hl=ko&user=7FmR7UcAAAAJ
Assad Alam,https://scholar.google.com/citations?hl=ko&user=Tp2Yf5YAAAAJ
Lu Zhang,https://scholar.google.com/citations?hl=ko&user=orEfFM0AAAAJ
Adam Pocock,https://scholar.google.com/citations?hl=ko&user=9L09pdwAAAAJ
Nicolas Audebert,https://scholar.google.com/citations?hl=ko&user=_z5vXUcAAAAJ
Alessandro Di Nuovo,https://scholar.google.com/citations?hl=ko&user=IU_6XEcAAAAJ
Feng (Fred) Xue,https://scholar.google.com/citations?hl=ko&user=WXYKyqgAAAAJ
Nasser Mohammadiha,https://scholar.google.com/citations?hl=ko&user=4YEpA0IAAAAJ
"Fei Wang, Ph.D",https://scholar.google.com/citations?hl=ko&user=DD0GnlIAAAAJ
Sourabh Vora,https://scholar.google.com/citations?hl=ko&user=te2go-MAAAAJ
Ehsan Abbasnejad,https://scholar.google.com/citations?hl=ko&user=OdlVfTsAAAAJ
Arnold Wiliem,https://scholar.google.com/citations?hl=ko&user=plbn8HYAAAAJ
Rahul Rama Varior,https://scholar.google.com/citations?hl=ko&user=GBSAI10AAAAJ
Bin Zhao,https://scholar.google.com/citations?hl=ko&user=74c_xrgAAAAJ
Amila Weerasinghe,https://scholar.google.com/citations?hl=ko&user=dxQXWhMAAAAJ
Kostas Stamatiou,https://scholar.google.com/citations?hl=ko&user=Rl2dE74AAAAJ
Robin Tibor Schirrmeister,https://scholar.google.com/citations?hl=ko&user=lpuMlzsAAAAJ
Georgios Spithourakis,https://scholar.google.com/citations?hl=ko&user=EALLz78AAAAJ
Avishek Saha,https://scholar.google.com/citations?hl=ko&user=pWySGLoAAAAJ
Rohan D. Kekatpure,https://scholar.google.com/citations?hl=ko&user=G4kWwCkAAAAJ
Prof. Dr.-Ing. Morris Riedel,https://scholar.google.com/citations?hl=ko&user=iXu1OP8AAAAJ
Survi Kyal,https://scholar.google.com/citations?hl=ko&user=exqbMroAAAAJ
Hamid Alinejad-Rokny,https://scholar.google.com/citations?hl=ko&user=mQj8WS4AAAAJ
Haitham Bou-Ammar,https://scholar.google.com/citations?hl=ko&user=AE5suDoAAAAJ
Jorg Lucke,https://scholar.google.com/citations?hl=ko&user=h-NXaIsAAAAJ
Mayank Bansal,https://scholar.google.com/citations?hl=ko&user=yYUotvIAAAAJ
Tassilo Klein,https://scholar.google.com/citations?hl=ko&user=z7-L4ywAAAAJ
Mohammad A. Dabbah,https://scholar.google.com/citations?hl=ko&user=hHmkiXsAAAAJ
Maarten Grachten,https://scholar.google.com/citations?hl=ko&user=W95OZTYAAAAJ
Aneesh Pappu,https://scholar.google.com/citations?hl=ko&user=Knhl3zcAAAAJ
Mohammad Shoeybi,https://scholar.google.com/citations?hl=ko&user=62ElavIAAAAJ
Ron Banner,https://scholar.google.com/citations?hl=ko&user=LMzZLNoAAAAJ
Singanallur V. Venkatakrishnan,https://scholar.google.com/citations?hl=ko&user=ine8otsAAAAJ
Anders Jonsson,https://scholar.google.com/citations?hl=ko&user=SI_uHCIAAAAJ
silvia villa,https://scholar.google.com/citations?hl=ko&user=wwj1C0EAAAAJ
John Kane,https://scholar.google.com/citations?hl=ko&user=DU_5JiIAAAAJ
Yuri M Brovman,https://scholar.google.com/citations?hl=ko&user=uL63mUwAAAAJ
Lars Maaløe,https://scholar.google.com/citations?hl=ko&user=bNmv8vsAAAAJ
Paul F. Jaeger,https://scholar.google.com/citations?hl=ko&user=9B9-8h0AAAAJ
Morten Kolbæk,https://scholar.google.com/citations?hl=ko&user=b5Y_dCsAAAAJ
Pouya Samangouei,https://scholar.google.com/citations?hl=ko&user=l1VpBmUAAAAJ
Michael Christian Kampffmeyer,https://scholar.google.com/citations?hl=ko&user=9lDh2UgAAAAJ
Kasun Amarasinghe,https://scholar.google.com/citations?hl=ko&user=XU07nQwAAAAJ
Fredrik Sandin,https://scholar.google.com/citations?hl=ko&user=ilXC2GAAAAAJ
Parul Pandey,https://scholar.google.com/citations?hl=ko&user=uXMCivAAAAAJ
Samaneh Moghaddam,https://scholar.google.com/citations?hl=ko&user=-Z5B1DgAAAAJ
Melody Dye,https://scholar.google.com/citations?hl=ko&user=j-t1C3kAAAAJ
Pramod Anantharam,https://scholar.google.com/citations?hl=ko&user=yQ52qVkAAAAJ
"Debraj De, PhD",https://scholar.google.com/citations?hl=ko&user=4boJ-bYAAAAJ
Ke Yuan,https://scholar.google.com/citations?hl=ko&user=PIQ_ZhUAAAAJ
Carlos Sampedro Perez,https://scholar.google.com/citations?hl=ko&user=C_2E0bkAAAAJ
James Robert Lloyd,https://scholar.google.com/citations?hl=ko&user=s5-PGF8AAAAJ
Oladimeji Farri,https://scholar.google.com/citations?hl=ko&user=UKAGJEgAAAAJ
Ali Mousavi,https://scholar.google.com/citations?hl=ko&user=Yuxd6uYAAAAJ
Arunkumar M,https://scholar.google.com/citations?hl=ko&user=SnxEu_YAAAAJ
Hao Yan,https://scholar.google.com/citations?hl=ko&user=aP1_URgAAAAJ
Antti-Veikko Rosti,https://scholar.google.com/citations?hl=ko&user=Yq-ALssAAAAJ
Karsten Roth,https://scholar.google.com/citations?hl=ko&user=93ZjIs0AAAAJ
Samira Shabanian,https://scholar.google.com/citations?hl=ko&user=CHkNfSMAAAAJ
Anjan Dutta,https://scholar.google.com/citations?hl=ko&user=1aKTzmIAAAAJ
Ian En-Hsu Yen,https://scholar.google.com/citations?hl=ko&user=VH1mq2AAAAAJ
Mrinal Haloi,https://scholar.google.com/citations?hl=ko&user=Fl9zsnPxorQC
Ankit Bhagatwala,https://scholar.google.com/citations?hl=ko&user=txlff3gAAAAJ
julien perez,https://scholar.google.com/citations?hl=ko&user=XneKjCsAAAAJ
"Puneet Batra, PhD",https://scholar.google.com/citations?hl=ko&user=xYrvIjwAAAAJ
Michiel Stock,https://scholar.google.com/citations?hl=ko&user=qR_LXM8AAAAJ
Alex Zook,https://scholar.google.com/citations?hl=ko&user=2nA9bVMAAAAJ
Giampiero Salvi,https://scholar.google.com/citations?hl=ko&user=4jU8ajUAAAAJ
Thad Hughes,https://scholar.google.com/citations?hl=ko&user=CFHS0XcAAAAJ
Luca Zappella,https://scholar.google.com/citations?hl=ko&user=bmh6mxAAAAAJ
Parthipan Siva,https://scholar.google.com/citations?hl=ko&user=vNFjHYMAAAAJ
Andrew E Noble,https://scholar.google.com/citations?hl=ko&user=LfUDrGUAAAAJ
Nicholas Apostoloff,https://scholar.google.com/citations?hl=ko&user=p4w7a_kAAAAJ
Raghavender Jillela,https://scholar.google.com/citations?hl=ko&user=4G2rUMwAAAAJ
Chuck-Hou Yee,https://scholar.google.com/citations?hl=ko&user=KTVTg_UAAAAJ
Catherine Jutzeler,https://scholar.google.com/citations?hl=ko&user=vaHQ8NEAAAAJ
Saman Sarraf,https://scholar.google.com/citations?hl=ko&user=aJKblfMAAAAJ
Alexis Boukouvalas,https://scholar.google.com/citations?hl=ko&user=aQRCAUEAAAAJ
Parth Gupta,https://scholar.google.com/citations?hl=ko&user=IWQie3wAAAAJ
Joel Kronander,https://scholar.google.com/citations?hl=ko&user=q9GyhlkAAAAJ
Jonghoon Jin,https://scholar.google.com/citations?hl=ko&user=KpaoaMUAAAAJ
Xinyang Yi,https://scholar.google.com/citations?hl=ko&user=r0c4bz4AAAAJ
Dr. Rajen Bhatt,https://scholar.google.com/citations?hl=ko&user=L3AktmEAAAAJ
Bryan J. Smith,https://scholar.google.com/citations?hl=ko&user=MxHgZ1wAAAAJ
Dimitrios Athanasakis,https://scholar.google.com/citations?hl=ko&user=SiPzUuYAAAAJ
Di You,https://scholar.google.com/citations?hl=ko&user=MYF1F-UAAAAJ
Arridhana Ciptadi,https://scholar.google.com/citations?hl=ko&user=uQefdLAAAAAJ
Benjamin M Kandel,https://scholar.google.com/citations?hl=ko&user=a2sMoDEAAAAJ
Minh Duc Cao,https://scholar.google.com/citations?hl=ko&user=5uZ3O4sAAAAJ
Yusuke ODA,https://scholar.google.com/citations?hl=ko&user=Re6oRt4AAAAJ
Enrique G. Ortiz,https://scholar.google.com/citations?hl=ko&user=RO7slvQAAAAJ
"Edward Tong, PhD",https://scholar.google.com/citations?hl=ko&user=tJEOjOQAAAAJ
Dominik Belter,https://scholar.google.com/citations?hl=ko&user=3XvUbbMAAAAJ
Aleksandr B. Sahakyan,https://scholar.google.com/citations?hl=ko&user=dxWr73gAAAAJ
Nicholas Cilfone,https://scholar.google.com/citations?hl=ko&user=7PG7GD0AAAAJ
Francesco Caltagirone,https://scholar.google.com/citations?hl=ko&user=f0nrsg8AAAAJ
Tameem Adel,https://scholar.google.com/citations?hl=ko&user=IkhgmfEAAAAJ
Craig A. Glastonbury,https://scholar.google.com/citations?hl=ko&user=1ZpY228AAAAJ
"ZHENG FU, Ph.D.",https://scholar.google.com/citations?hl=ko&user=X9x1SwsAAAAJ
Pierluigi Failla,https://scholar.google.com/citations?hl=ko&user=4boTrOQAAAAJ
Reshad Hosseini,https://scholar.google.com/citations?hl=ko&user=zqa4EY0AAAAJ
Saurabh Kataria,https://scholar.google.com/citations?hl=ko&user=5xOcCpQAAAAJ
Siegfried Kunzmann,https://scholar.google.com/citations?hl=ko&user=1LNIIfMAAAAJ
Janis Keuper (Fehr),https://scholar.google.com/citations?hl=ko&user=BUkDvU0AAAAJ
Zemin Zhang,https://scholar.google.com/citations?hl=ko&user=SXRoXnYAAAAJ
Mohammed Khalilia,https://scholar.google.com/citations?hl=ko&user=z8dFyzAAAAAJ
Jinkyu Koo,https://scholar.google.com/citations?hl=ko&user=kUpbzdwAAAAJ
Tobias Domhan,https://scholar.google.com/citations?hl=ko&user=WrbJw1wAAAAJ
Khosro Bahrami,https://scholar.google.com/citations?hl=ko&user=oBmJtQ8AAAAJ
Mohammed Senoussaoui,https://scholar.google.com/citations?hl=ko&user=xLiAmHwAAAAJ
Andreas Mitterecker,https://scholar.google.com/citations?hl=ko&user=Np2StM0AAAAJ
Kristian Flikka,https://scholar.google.com/citations?hl=ko&user=ps4t6rsAAAAJ
Johann Prenninger,https://scholar.google.com/citations?hl=ko&user=ui2s52wAAAAJ
Stéphane Chrétien,https://scholar.google.com/citations?hl=ko&user=T8vcOB4AAAAJ
Luke Oakden-Rayner,https://scholar.google.com/citations?hl=ko&user=P7LuLZMAAAAJ
Jagannadan Varadarajan,https://scholar.google.com/citations?hl=ko&user=M6HUs8sAAAAJ
Alla Ignashchenkova,https://scholar.google.com/citations?hl=ko&user=N1kRmDAAAAAJ
Min Xie,https://scholar.google.com/citations?hl=ko&user=kk3lug8AAAAJ
Zhengming Xing,https://scholar.google.com/citations?hl=ko&user=oGCF8pEAAAAJ
Shubhra Sankar Ray,https://scholar.google.com/citations?hl=ko&user=or5TH2oAAAAJ
Seyed Sadegh Mohseni Salehi,https://scholar.google.com/citations?hl=ko&user=hTWINokAAAAJ
Subhashis Banerjee,https://scholar.google.com/citations?hl=ko&user=awLG4ogAAAAJ
Patrick McClure,https://scholar.google.com/citations?hl=ko&user=8TKyUl4AAAAJ
Maarten Versteegh,https://scholar.google.com/citations?hl=ko&user=bq5ccb4AAAAJ
Maia Angelova,https://scholar.google.com/citations?hl=ko&user=CCF7GZoAAAAJ
Sudeep Pillai,https://scholar.google.com/citations?hl=ko&user=FuYln-oAAAAJ
Amr Ibrahim El-Desoky Mousa,https://scholar.google.com/citations?hl=ko&user=S3LLkMkAAAAJ
Luigi Acerbi,https://scholar.google.com/citations?hl=ko&user=QYBZoGwAAAAJ
Mrinal Kumar,https://scholar.google.com/citations?hl=ko&user=6CSxFbkAAAAJ
JeeHyun Hwang,https://scholar.google.com/citations?hl=ko&user=Nk18zysAAAAJ
Sven Van Segbroeck,https://scholar.google.com/citations?hl=ko&user=OMSvtLAAAAAJ
Pietro Cicotti,https://scholar.google.com/citations?hl=ko&user=-hEdYl0AAAAJ
Bruno Costa,https://scholar.google.com/citations?hl=ko&user=XZw3P-IAAAAJ
He Zhang,https://scholar.google.com/citations?hl=ko&user=3zdbBBUAAAAJ
Rajkumar Saini,https://scholar.google.com/citations?hl=ko&user=J191UeEAAAAJ
Shabab Bazrafkan,https://scholar.google.com/citations?hl=ko&user=N7ZifFoAAAAJ
Jawwad Ahmed,https://scholar.google.com/citations?hl=ko&user=7OVBMzoAAAAJ
Pankaj Gupta,https://scholar.google.com/citations?hl=ko&user=_YjIJF0AAAAJ
Dr. Mohammad Khubeb Siddiqui,https://scholar.google.com/citations?hl=ko&user=5pfH0EoAAAAJ
Yinyan He,https://scholar.google.com/citations?hl=ko&user=ydVXfdoAAAAJ
Parang Saraf,https://scholar.google.com/citations?hl=ko&user=Yh5jNuEAAAAJ
Ulli Waltinger,https://scholar.google.com/citations?hl=ko&user=6ax_b1UAAAAJ
Mats Sjöberg,https://scholar.google.com/citations?hl=ko&user=TSYKbDIAAAAJ
Nóra Baka,https://scholar.google.com/citations?hl=ko&user=ahfzQHEAAAAJ
Malay Bhattacharyya,https://scholar.google.com/citations?hl=ko&user=-emvWI8AAAAJ
Patrick Pletscher,https://scholar.google.com/citations?hl=ko&user=tuDUmzkAAAAJ
Trong Nghia Hoang,https://scholar.google.com/citations?hl=ko&user=E-kZZeQAAAAJ
Azhar Quddus,https://scholar.google.com/citations?hl=ko&user=q9x2Xv0AAAAJ
Hengameh Mirzaalian,https://scholar.google.com/citations?hl=ko&user=BzaQhsoAAAAJ
Max Horn,https://scholar.google.com/citations?hl=ko&user=60cGPvIAAAAJ
Dave Cook,https://scholar.google.com/citations?hl=ko&user=j5uPU-AAAAAJ
Yi Zhang,https://scholar.google.com/citations?hl=ko&user=jcl4qT0AAAAJ
Mihail Eric,https://scholar.google.com/citations?hl=ko&user=4kJYLpcAAAAJ
Klaus Dorer,https://scholar.google.com/citations?hl=ko&user=f4r7JbMAAAAJ
Babak Loni,https://scholar.google.com/citations?hl=ko&user=S19S7TYAAAAJ
Ilkka Huopaniemi,https://scholar.google.com/citations?hl=ko&user=LDs1AHkAAAAJ
Márton Danóczy,https://scholar.google.com/citations?hl=ko&user=dlcX6sUAAAAJ
Prakhar Biyani,https://scholar.google.com/citations?hl=ko&user=4ZRy-BMAAAAJ
Suraj Maharjan,https://scholar.google.com/citations?hl=ko&user=bZQdJ5EAAAAJ
Chenguang Xi,https://scholar.google.com/citations?hl=ko&user=AAGUBuIAAAAJ
Zena Hira,https://scholar.google.com/citations?hl=ko&user=4_FigFMAAAAJ
Riccardo Satta,https://scholar.google.com/citations?hl=ko&user=BlqotmAAAAAJ
Hyokun Yun,https://scholar.google.com/citations?hl=ko&user=W4oOmZEAAAAJ
Mitul Tiwari,https://scholar.google.com/citations?hl=ko&user=gSj00M4AAAAJ
Balaji Veeramani,https://scholar.google.com/citations?hl=ko&user=XHLs8eoAAAAJ
Zhaoxia Qian,https://scholar.google.com/citations?hl=ko&user=LD8MNZoAAAAJ
Álvaro Tejero-Cantero,https://scholar.google.com/citations?hl=ko&user=VObPwpUAAAAJ
Harsimrat Singh Sandhawalia,https://scholar.google.com/citations?hl=ko&user=yG5FD1MAAAAJ
Krzysztof Bartoszek,https://scholar.google.com/citations?hl=ko&user=pfJpxV4AAAAJ
"Ehsan Bayaki, PhD",https://scholar.google.com/citations?hl=ko&user=25heFREAAAAJ
Kuntal Ghosh,https://scholar.google.com/citations?hl=ko&user=_ZvzkwIAAAAJ
Thibaut Durand,https://scholar.google.com/citations?hl=ko&user=89lm_XIAAAAJ
Prodip Hore,https://scholar.google.com/citations?hl=ko&user=25q1GmsAAAAJ
Attila Bagoly,https://scholar.google.com/citations?hl=ko&user=h7q2lyMAAAAJ
Shobeir Fakhraei,https://scholar.google.com/citations?hl=ko&user=6vJwj_QAAAAJ
Yuanyang Zhang,https://scholar.google.com/citations?hl=ko&user=1h_VFe0AAAAJ
Tommy Löfstedt,https://scholar.google.com/citations?hl=ko&user=VpUFw68AAAAJ
Michael Bohlke-Schneider,https://scholar.google.com/citations?hl=ko&user=19k2WQEAAAAJ
Santosh Tirunagari,https://scholar.google.com/citations?hl=ko&user=EPfhRvUAAAAJ
David Spieler,https://scholar.google.com/citations?hl=ko&user=3o5Nq60AAAAJ
Karthik Raghunathan,https://scholar.google.com/citations?hl=ko&user=cEIzj5kAAAAJ
Seyed Mehran Kazemi,https://scholar.google.com/citations?hl=ko&user=L79ecZkAAAAJ
Bastian Rieck,https://scholar.google.com/citations?hl=ko&user=La7zuKQAAAAJ
Tamer Alkhouli,https://scholar.google.com/citations?hl=ko&user=mWZP7xUAAAAJ
Mandalapu Dinesh,https://scholar.google.com/citations?hl=ko&user=xoMmoZUAAAAJ
Oege Dijk,https://scholar.google.com/citations?hl=ko&user=Exuv4MQAAAAJ
"Nilimesh Halder, PhD",https://scholar.google.com/citations?hl=ko&user=dAaNiUQAAAAJ
Daniel Hauagge,https://scholar.google.com/citations?hl=ko&user=u1WKXLsAAAAJ
Guy Lev,https://scholar.google.com/citations?hl=ko&user=-fDPKosAAAAJ
Kobra Etminani (Farzaneh),https://scholar.google.com/citations?hl=ko&user=FJ20RCAAAAAJ
Babajide Ayinde,https://scholar.google.com/citations?hl=ko&user=WbYgxqEAAAAJ
Utsaw Kumar,https://scholar.google.com/citations?hl=ko&user=kTaGWkcAAAAJ
Chih-Kuan Yeh,https://scholar.google.com/citations?hl=ko&user=tikMtMsAAAAJ
He Ba,https://scholar.google.com/citations?hl=ko&user=Ah_Q_7kAAAAJ
Seyed Jalaleddin Mousavirad,https://scholar.google.com/citations?hl=ko&user=S_NCpLcAAAAJ
Alejandro Betancourt,https://scholar.google.com/citations?hl=ko&user=fLHBgLMAAAAJ
Saurabh Jain,https://scholar.google.com/citations?hl=ko&user=SDQotcoAAAAJ
Ramprakash Srinivasan,https://scholar.google.com/citations?hl=ko&user=onsFE5gAAAAJ
Dr. Johann Kruschwitz,https://scholar.google.com/citations?hl=ko&user=gKDdyUMAAAAJ
Jose Cadena,https://scholar.google.com/citations?hl=ko&user=npRUq64AAAAJ
Georgios Douzas,https://scholar.google.com/citations?hl=ko&user=-A4zUTUAAAAJ
Manuel Lopez-Martin,https://scholar.google.com/citations?hl=ko&user=3RSZbOYAAAAJ
Anurag Dwarakanath,https://scholar.google.com/citations?hl=ko&user=YMqq-JUAAAAJ
Elliot J. Crowley,https://scholar.google.com/citations?hl=ko&user=RyKtqiQAAAAJ
Stefano Alletto,https://scholar.google.com/citations?hl=ko&user=IkTxlbgAAAAJ
Stephan Peitz,https://scholar.google.com/citations?hl=ko&user=NMSCU3MAAAAJ
Nathaniel M. Braman,https://scholar.google.com/citations?hl=ko&user=uL4qXbYAAAAJ
Thomas Kautz,https://scholar.google.com/citations?hl=ko&user=12hsJG4AAAAJ
Jean-Marc Montanier,https://scholar.google.com/citations?hl=ko&user=pJR2wgQAAAAJ
Cristian Mircean,https://scholar.google.com/citations?hl=ko&user=rUhvsJ8AAAAJ
Frederik Kratzert,https://scholar.google.com/citations?hl=ko&user=iDLXy_EAAAAJ
Abozar Nasirahmadi,https://scholar.google.com/citations?hl=ko&user=Gh3aJ0EAAAAJ
Nicoletta Noceti,https://scholar.google.com/citations?hl=ko&user=7i3HX4wAAAAJ
Alice Coucke,https://scholar.google.com/citations?hl=ko&user=OiCh6NoAAAAJ
Kenneth Marino,https://scholar.google.com/citations?hl=ko&user=6bQxCusAAAAJ
David Sebastian Fischer,https://scholar.google.com/citations?hl=ko&user=pJHoIk8AAAAJ
Polykarpos Meladianos,https://scholar.google.com/citations?hl=ko&user=DNTPrccAAAAJ
Daniel Klotz,https://scholar.google.com/citations?hl=ko&user=J5Odv8wAAAAJ
Shashank Jaiswal,https://scholar.google.com/citations?hl=ko&user=wX9jHzcAAAAJ
Sarfaraz Hussein,https://scholar.google.com/citations?hl=ko&user=0_K4nSQAAAAJ
Noura Al Moubayed,https://scholar.google.com/citations?hl=ko&user=GHecv14AAAAJ
L Barcos,https://scholar.google.com/citations?hl=ko&user=A8qc11gAAAAJ
Christine Leon Swisher,https://scholar.google.com/citations?hl=ko&user=TBfAw0QAAAAJ
Sven Bambach,https://scholar.google.com/citations?hl=ko&user=kc9F7HkAAAAJ
Trenton Jerde,https://scholar.google.com/citations?hl=ko&user=zDTm-wYAAAAJ
Heike Leutheuser,https://scholar.google.com/citations?hl=ko&user=j6qc5YEAAAAJ
Almut Silja Hildebrand,https://scholar.google.com/citations?hl=ko&user=kBpGXkwAAAAJ
Ritwik Kumar,https://scholar.google.com/citations?hl=ko&user=1nLn7pcAAAAJ
Mohammad M. Hossain,https://scholar.google.com/citations?hl=ko&user=zYJBEUwAAAAJ
Zhibin Liao,https://scholar.google.com/citations?hl=ko&user=HvWTE0IAAAAJ
Anderson da Silva Soares,https://scholar.google.com/citations?hl=ko&user=fDg7K88AAAAJ
Aniruddha Ghosh,https://scholar.google.com/citations?hl=ko&user=wmzAiBUAAAAJ
Toni Hirvonen,https://scholar.google.com/citations?hl=ko&user=JVJXrsgAAAAJ
Yury Tsoy,https://scholar.google.com/citations?hl=ko&user=IuBq_icAAAAJ
Mostafa Rahmani,https://scholar.google.com/citations?hl=ko&user=Sdn8qIYAAAAJ
Irene Teinemaa,https://scholar.google.com/citations?hl=ko&user=UQZ22uQAAAAJ
Krzysztof Walas,https://scholar.google.com/citations?hl=ko&user=0FZ0cZQAAAAJ
Andru Putra Twinanda,https://scholar.google.com/citations?hl=ko&user=wIR9gy4AAAAJ
Heba Elfardy,https://scholar.google.com/citations?hl=ko&user=L6lzWrYAAAAJ
Zak Costello,https://scholar.google.com/citations?hl=ko&user=VaA3xfAAAAAJ
Shlomo Levitan,https://scholar.google.com/citations?hl=ko&user=NkmJ6AIAAAAJ
Zhuang-Fang (NaNa) Yi,https://scholar.google.com/citations?hl=ko&user=di3K1igAAAAJ
Sambuddha Roy,https://scholar.google.com/citations?hl=ko&user=PKNcObUAAAAJ
Andreas Pester,https://scholar.google.com/citations?hl=ko&user=GpY8tSkAAAAJ
Nate Soares,https://scholar.google.com/citations?hl=ko&user=_OXcDeMAAAAJ
Babak Behzad,https://scholar.google.com/citations?hl=ko&user=3V8EBkUAAAAJ
Felix Hieber,https://scholar.google.com/citations?hl=ko&user=UD177Q0AAAAJ
Thi Duong Nguyen,https://scholar.google.com/citations?hl=ko&user=4k2_GDEAAAAJ
zhang pengfei,https://scholar.google.com/citations?hl=ko&user=C5loLHgAAAAJ
Gil Sadeh,https://scholar.google.com/citations?hl=ko&user=OMuLPHUAAAAJ
Yue Zhao,https://scholar.google.com/citations?hl=ko&user=nfILaSYAAAAJ
Philipp Seegerer,https://scholar.google.com/citations?hl=ko&user=6382yXMAAAAJ
Hamidreza Alvari,https://scholar.google.com/citations?hl=ko&user=x1fvh14AAAAJ
Miguel Lopes,https://scholar.google.com/citations?hl=ko&user=I-3N9okAAAAJ
Oguz Semerci,https://scholar.google.com/citations?hl=ko&user=6rjQkdYAAAAJ
Jonas Lööf,https://scholar.google.com/citations?hl=ko&user=lmimV0oAAAAJ
"Manish Gupta, Ph.D.",https://scholar.google.com/citations?hl=ko&user=6dmj7zwAAAAJ
Arindam Paul,https://scholar.google.com/citations?hl=ko&user=iGPYZD0AAAAJ
Nicolas Lamarque,https://scholar.google.com/citations?hl=ko&user=bClCapMAAAAJ
Mohammad Mostafa Soltani,https://scholar.google.com/citations?hl=ko&user=GO4YIzkAAAAJ
Maximilian Ilse,https://scholar.google.com/citations?hl=ko&user=KNJIRGkAAAAJ
Bilal Kartal,https://scholar.google.com/citations?hl=ko&user=Q9hKzEwAAAAJ
Ephraim Iorkyase,https://scholar.google.com/citations?hl=ko&user=l0sJF1YAAAAJ
Luke Dickens,https://scholar.google.com/citations?hl=ko&user=DtFpmGMAAAAJ
Alexandra Reichenbach,https://scholar.google.com/citations?hl=ko&user=pr-ubHEAAAAJ
Marcellin Atemkeng,https://scholar.google.com/citations?hl=ko&user=kO4LdnkAAAAJ
Karen Hambardzumyan,https://scholar.google.com/citations?hl=ko&user=V3JjNJ0AAAAJ
Sergio Valcarcel Macua,https://scholar.google.com/citations?hl=ko&user=NBqFpgoAAAAJ
Stephan Trahasch,https://scholar.google.com/citations?hl=ko&user=jSayvqQAAAAJ
Vincent ADAM,https://scholar.google.com/citations?hl=ko&user=60ztTycAAAAJ
Thomas Nickson,https://scholar.google.com/citations?hl=ko&user=9ZKuRVoAAAAJ
Josh Fromm,https://scholar.google.com/citations?hl=ko&user=WExIZfoAAAAJ
Mahdi hajiaghayi,https://scholar.google.com/citations?hl=ko&user=xKcilqEAAAAJ
Martin Liebner,https://scholar.google.com/citations?hl=ko&user=eDOxaokAAAAJ
Giovanni S. Alberti,https://scholar.google.com/citations?hl=ko&user=boBf5cgAAAAJ
Farhad Imani,https://scholar.google.com/citations?hl=ko&user=hOEsLNwAAAAJ
Thomas W Rogers,https://scholar.google.com/citations?hl=ko&user=X0xrjrsAAAAJ
Felix Kluge,https://scholar.google.com/citations?hl=ko&user=2WssddIAAAAJ
Bijan Seyednasrollah,https://scholar.google.com/citations?hl=ko&user=re2zPdEAAAAJ
Mohit Kumar Pandey,https://scholar.google.com/citations?hl=ko&user=oUhThscAAAAJ
Gianni Barlacchi,https://scholar.google.com/citations?hl=ko&user=vh3CkJ0AAAAJ
Kai Hui,https://scholar.google.com/citations?hl=ko&user=VorTj3AAAAAJ
Nutan Chen,https://scholar.google.com/citations?hl=ko&user=HH3n9scAAAAJ
Saatviga Sudhahar,https://scholar.google.com/citations?hl=ko&user=EmOhe9wAAAAJ
Saeed Masoudnia,https://scholar.google.com/citations?hl=ko&user=X4DHscEAAAAJ
Robin C. Geyer,https://scholar.google.com/citations?hl=ko&user=beAB8-QAAAAJ
Peer Stelldinger,https://scholar.google.com/citations?hl=ko&user=b19NhhYAAAAJ
Vahid Taslimitehrani,https://scholar.google.com/citations?hl=ko&user=ezASGGoAAAAJ
Edward Grant,https://scholar.google.com/citations?hl=ko&user=Eqm4PK4AAAAJ
Pranjul Yadav,https://scholar.google.com/citations?hl=ko&user=zBxiK6gAAAAJ
Fariba Goodarzian,https://scholar.google.com/citations?hl=ko&user=6jWMoQcAAAAJ
Yannis Stiakogiannakis,https://scholar.google.com/citations?hl=ko&user=Wjp5jiwAAAAJ
Maryam S. Mirian,https://scholar.google.com/citations?hl=ko&user=7etobUIAAAAJ
Manish Mithaiwala,https://scholar.google.com/citations?hl=ko&user=j_VYpcUAAAAJ
Farhan Damani,https://scholar.google.com/citations?hl=ko&user=WonPlawAAAAJ
Vineeth Rakesh,https://scholar.google.com/citations?hl=ko&user=oq_AneQAAAAJ
Oscar Li,https://scholar.google.com/citations?hl=ko&user=rtpoh5wAAAAJ
Roger Frigola,https://scholar.google.com/citations?hl=ko&user=UjGSmvIAAAAJ
Seul-Ki Yeom,https://scholar.google.com/citations?hl=ko&user=bj6I9YIAAAAJ
Robert Coop,https://scholar.google.com/citations?hl=ko&user=lxaOJX8AAAAJ
Wouter Bulten,https://scholar.google.com/citations?hl=ko&user=_wo0gzgAAAAJ
Abhishek Srivastav,https://scholar.google.com/citations?hl=ko&user=XTGuzeMAAAAJ
Ali Behroozfar,https://scholar.google.com/citations?hl=ko&user=tAl1mjoAAAAJ
Carlos Guerrero-Mosquera,https://scholar.google.com/citations?hl=ko&user=o915aeUAAAAJ
Atri Mandal,https://scholar.google.com/citations?hl=ko&user=gpNGJWIAAAAJ
Kyle Ellefsen,https://scholar.google.com/citations?hl=ko&user=2Px_7GoAAAAJ
Reza Shoja Ghiass,https://scholar.google.com/citations?hl=ko&user=Yu9gPxQAAAAJ
"Ajendra Dwivedi, PhD.",https://scholar.google.com/citations?hl=ko&user=U4g5QrYAAAAJ
Carlos Maestre,https://scholar.google.com/citations?hl=ko&user=eW0EVWcAAAAJ
Mohamed Elati,https://scholar.google.com/citations?hl=ko&user=f-SELBUAAAAJ
Naveen Shankar Nagaraja,https://scholar.google.com/citations?hl=ko&user=TP-_rb0AAAAJ
Rishabh Gupta,https://scholar.google.com/citations?hl=ko&user=ZGMMpZgAAAAJ
Marek Kolodziej,https://scholar.google.com/citations?hl=ko&user=GMlWjvQAAAAJ
Jeewesh Kumar Jha,https://scholar.google.com/citations?hl=ko&user=efouxu4AAAAJ
Noah Gift,https://scholar.google.com/citations?hl=ko&user=0J92xjMAAAAJ
Luis E. Castillo,https://scholar.google.com/citations?hl=ko&user=r228bx8AAAAJ
Xu Chen,https://scholar.google.com/citations?hl=ko&user=-lm4aPcAAAAJ
"Amir Meimand, Ph.D.",https://scholar.google.com/citations?hl=ko&user=c84NHjYAAAAJ
Michael Widrich,https://scholar.google.com/citations?hl=ko&user=eMcniXgAAAAJ
Omid Jahromi,https://scholar.google.com/citations?hl=ko&user=dT6oq6YAAAAJ
Foteini Simistira Liwicki,https://scholar.google.com/citations?hl=ko&user=mtK7mZEAAAAJ
Héctor Rodríguez-Déniz,https://scholar.google.com/citations?hl=ko&user=BMfYWs4AAAAJ
Alistair Reid,https://scholar.google.com/citations?hl=ko&user=vBg-XOEAAAAJ
Andrea Palazzi,https://scholar.google.com/citations?hl=ko&user=soB7sYIAAAAJ
Milos Radovic,https://scholar.google.com/citations?hl=ko&user=RIfm6nAAAAAJ
Andreas Lindholm (Svensson),https://scholar.google.com/citations?hl=ko&user=Eh2EOEUAAAAJ
Sandipan Kundu,https://scholar.google.com/citations?hl=ko&user=skaTOPYAAAAJ
Muthu Subash Kavitha,https://scholar.google.com/citations?hl=ko&user=QgdtEqQAAAAJ
Benyamin Ghojogh,https://scholar.google.com/citations?hl=ko&user=U8qAL-0AAAAJ
Melih Aslan,https://scholar.google.com/citations?hl=ko&user=nTSHBGYAAAAJ
Anders Hansson,https://scholar.google.com/citations?hl=ko&user=kCPAzf8AAAAJ
Vivien Seguy,https://scholar.google.com/citations?hl=ko&user=zmOWQLsAAAAJ
Ioakeim Perros,https://scholar.google.com/citations?hl=ko&user=F9sbjHQAAAAJ
Sina Zarrieß,https://scholar.google.com/citations?hl=ko&user=7OOP0iAAAAAJ
Vladimir Curic,https://scholar.google.com/citations?hl=ko&user=dshVI4kAAAAJ
Clyde Bango,https://scholar.google.com/citations?hl=ko&user=vqnDGZ8AAAAJ
Mahdi Milani Fard,https://scholar.google.com/citations?hl=ko&user=iuCvTuIAAAAJ
Rishi Bedi,https://scholar.google.com/citations?hl=ko&user=fgXZ3CgAAAAJ
Anders Mollgaard,https://scholar.google.com/citations?hl=ko&user=A1c7HBAAAAAJ
Keyvan Golestan,https://scholar.google.com/citations?hl=ko&user=JhM4w0oAAAAJ
Shreyansh Bhatt,https://scholar.google.com/citations?hl=ko&user=jqS9A0EAAAAJ
Isaac Castro-Mateos,https://scholar.google.com/citations?hl=ko&user=tBVlAysAAAAJ
Hanchao Liu,https://scholar.google.com/citations?hl=ko&user=SI7LKu8AAAAJ
Pengfei Dou,https://scholar.google.com/citations?hl=ko&user=7Ac2ExIAAAAJ
Raul Puri,https://scholar.google.com/citations?hl=ko&user=GNzbVIsAAAAJ
Kyriakos Chatzidimitriou,https://scholar.google.com/citations?hl=ko&user=KRG5Mg8AAAAJ
Simin Ahmadi Karvigh,https://scholar.google.com/citations?hl=ko&user=tYt2in8AAAAJ
Brammert Ottens,https://scholar.google.com/citations?hl=ko&user=KFFuiqYAAAAJ
Dr. Monica Mundada,https://scholar.google.com/citations?hl=ko&user=EQ-jYQIAAAAJ
Jan Münchenberg,https://scholar.google.com/citations?hl=ko&user=ZeFGGrgAAAAJ
Jenngang Shih,https://scholar.google.com/citations?hl=ko&user=m-noMJIAAAAJ
Shahab Sheikh-Bahaei,https://scholar.google.com/citations?hl=ko&user=3MXfkfEAAAAJ
Idris El-Feghi,https://scholar.google.com/citations?hl=ko&user=9vHJa2gAAAAJ
mehmet umut caglar,https://scholar.google.com/citations?hl=ko&user=bdtVzlcAAAAJ
Hossein Mostafaei,https://scholar.google.com/citations?hl=ko&user=SR-R0boAAAAJ
Saba Emrani,https://scholar.google.com/citations?hl=ko&user=Ff4WgooAAAAJ
Benjamin H. Groh,https://scholar.google.com/citations?hl=ko&user=H8SpYcMAAAAJ
Davide Mazzini,https://scholar.google.com/citations?hl=ko&user=7BqkzJkAAAAJ
José Portêlo,https://scholar.google.com/citations?hl=ko&user=0s2lJxQAAAAJ
"Hyoki LEE, PhD",https://scholar.google.com/citations?hl=ko&user=bBtOT_cAAAAJ
Celine Craye,https://scholar.google.com/citations?hl=ko&user=HVO4Gv0AAAAJ
Jacob Lucas,https://scholar.google.com/citations?hl=ko&user=n8Vbqz8AAAAJ
Troy Lau,https://scholar.google.com/citations?hl=ko&user=hZTL5LQAAAAJ
Panagis Magdalinos,https://scholar.google.com/citations?hl=ko&user=lDdgnqkAAAAJ
Hossein Ghayoor,https://scholar.google.com/citations?hl=ko&user=itECOKAAAAAJ
Ayman AbuBaker,https://scholar.google.com/citations?hl=ko&user=4jFjrtQAAAAJ
Adarsh Prasad,https://scholar.google.com/citations?hl=ko&user=9fxv1zwAAAAJ
Leo F. Isikdogan,https://scholar.google.com/citations?hl=ko&user=Esqaj-4AAAAJ
Chiranjib Sur,https://scholar.google.com/citations?hl=ko&user=81DsWxQAAAAJ
Javier Turek,https://scholar.google.com/citations?hl=ko&user=nsT7ctwAAAAJ
Adrien Ball,https://scholar.google.com/citations?hl=ko&user=DQ9wBiQAAAAJ
Alexandre Caulier,https://scholar.google.com/citations?hl=ko&user=EDYlZ4oAAAAJ
chunlei li,https://scholar.google.com/citations?hl=ko&user=FxbjSEkAAAAJ
Ganesh Sistu,https://scholar.google.com/citations?hl=ko&user=356ahmwAAAAJ
Valerio Perrone,https://scholar.google.com/citations?hl=ko&user=gXqr8A4AAAAJ
Karthik Gurumoorthy,https://scholar.google.com/citations?hl=ko&user=6BysJLEAAAAJ
Trung V. Nguyen,https://scholar.google.com/citations?hl=ko&user=u4NjS7EAAAAJ
Max Pagels,https://scholar.google.com/citations?hl=ko&user=0CBjg_gAAAAJ
Leo van Nierop,https://scholar.google.com/citations?hl=ko&user=ACc5ujsAAAAJ
AJ Sedgewick,https://scholar.google.com/citations?hl=ko&user=0S1yOUYAAAAJ
Markus Hofmarcher,https://scholar.google.com/citations?hl=ko&user=FD27EMIAAAAJ
Balaji Polepalli Ramesh,https://scholar.google.com/citations?hl=ko&user=iX_nwLIAAAAJ
Caroline Pacheco do E.Silva,https://scholar.google.com/citations?hl=ko&user=sX5nPOcAAAAJ
Marco Del Tredici,https://scholar.google.com/citations?hl=ko&user=UDzS8bAAAAAJ
Vitaly Kurin,https://scholar.google.com/citations?hl=ko&user=yk6C1SgAAAAJ
Raziur Rahman,https://scholar.google.com/citations?hl=ko&user=Hy-CpZ0AAAAJ
Kira Mourão,https://scholar.google.com/citations?hl=ko&user=rjQjKMsAAAAJ
Ning Zhang,https://scholar.google.com/citations?hl=ko&user=42OgQf4AAAAJ
Mohammad Reza Farmani,https://scholar.google.com/citations?hl=ko&user=EZLVJ5gAAAAJ
Sabrina Hoppe,https://scholar.google.com/citations?hl=ko&user=i3TvWsoAAAAJ
Gero Szepannek,https://scholar.google.com/citations?hl=ko&user=VWSCHfQAAAAJ
"Salim Chemlal, Ph.D.",https://scholar.google.com/citations?hl=ko&user=awsBUFkAAAAJ
"Guido Schwenk, PhD.",https://scholar.google.com/citations?hl=ko&user=Ev-inMAAAAAJ
Aneeq Zia,https://scholar.google.com/citations?hl=ko&user=8vMAKiwAAAAJ
Rémi Domingues,https://scholar.google.com/citations?hl=ko&user=IZKNdw8AAAAJ
Patrick Forré,https://scholar.google.com/citations?hl=ko&user=fWbf74cAAAAJ
Jianjun Yuan,https://scholar.google.com/citations?hl=ko&user=8LYKLd4AAAAJ
Jean-François Connolly,https://scholar.google.com/citations?hl=ko&user=iVEb4BIAAAAJ
Cheng-Lung Jen,https://scholar.google.com/citations?hl=ko&user=8vieGmMAAAAJ
Davide Valeriani,https://scholar.google.com/citations?hl=ko&user=kBHV5dAAAAAJ
Rushdi Shams,https://scholar.google.com/citations?hl=ko&user=wFtI_DoAAAAJ
Yile (Yi) Gu,https://scholar.google.com/citations?hl=ko&user=mnxh0UMAAAAJ
Jyh-Ying Peng,https://scholar.google.com/citations?hl=ko&user=cobgJXkAAAAJ
Pedro M Esperança,https://scholar.google.com/citations?hl=ko&user=ralB4sUAAAAJ
Matthias Seibert,https://scholar.google.com/citations?hl=ko&user=WXeaYfoAAAAJ
Behnaz Nojavanasghari,https://scholar.google.com/citations?hl=ko&user=6iOJ8foAAAAJ
Iman Abbasnejad,https://scholar.google.com/citations?hl=ko&user=-tENCAUAAAAJ
David Begert,https://scholar.google.com/citations?hl=ko&user=iTUn4mUAAAAJ
Hendri Murfi,https://scholar.google.com/citations?hl=ko&user=ofxGwd8AAAAJ
Jay Patel,https://scholar.google.com/citations?hl=ko&user=WWibozwAAAAJ
Jean-Francis Roy,https://scholar.google.com/citations?hl=ko&user=AjjKEd0AAAAJ
Boros Tiberiu,https://scholar.google.com/citations?hl=ko&user=veRsdF4AAAAJ
Xi Chen,https://scholar.google.com/citations?hl=ko&user=76bvNPIAAAAJ
Tahora H. Nazer,https://scholar.google.com/citations?hl=ko&user=VnkAZ0MAAAAJ
Jay Hennig,https://scholar.google.com/citations?hl=ko&user=Tyl65TEAAAAJ
Julian Salazar,https://scholar.google.com/citations?hl=ko&user=Nd6DvD4AAAAJ
Bingbin Liu,https://scholar.google.com/citations?hl=ko&user=2ud06rQAAAAJ
Jacques Ludik,https://scholar.google.com/citations?hl=ko&user=FEX6jMMAAAAJ
Ahmed Abobakr,https://scholar.google.com/citations?hl=ko&user=mLR4bDUAAAAJ
Van Nhan Nguyen,https://scholar.google.com/citations?hl=ko&user=SAOEcIAAAAAJ
Paras Tiwari,https://scholar.google.com/citations?hl=ko&user=ySrw-HEAAAAJ
Ji-Hoon Jeong,https://scholar.google.com/citations?hl=ko&user=MXUabqcAAAAJ
Hamid Mohamadlou,https://scholar.google.com/citations?hl=ko&user=-rDFMYMAAAAJ
Mohammad Najafi,https://scholar.google.com/citations?hl=ko&user=GNBB3JQAAAAJ
Ming Yang,https://scholar.google.com/citations?hl=ko&user=dnvdHAgAAAAJ
José Ricardo Valdés Martiní,https://scholar.google.com/citations?hl=ko&user=ITLKv2oAAAAJ
Leonardo O Iheme,https://scholar.google.com/citations?hl=ko&user=X07wHOIAAAAJ
Guillem Francès,https://scholar.google.com/citations?hl=ko&user=mEZH9gcAAAAJ
"Kamelia Aryafar, Ph.D.",https://scholar.google.com/citations?hl=ko&user=whu7X_kAAAAJ
"Chak Foon ""Matt"" Tso",https://scholar.google.com/citations?hl=ko&user=_FMcDoMAAAAJ
Kenichi HAYASHI,https://scholar.google.com/citations?hl=ko&user=mzvmxiEAAAAJ
Yuchun Li,https://scholar.google.com/citations?hl=ko&user=EXWg_iwAAAAJ
Soumyadeep Chatterjee,https://scholar.google.com/citations?hl=ko&user=Z9qaPXYAAAAJ
Qinbing Fu,https://scholar.google.com/citations?hl=ko&user=YIte1M8AAAAJ
Chris Kedzie,https://scholar.google.com/citations?hl=ko&user=-xcIYgsAAAAJ
Markus Wirth,https://scholar.google.com/citations?hl=ko&user=7cxUfbYAAAAJ
Parag S. Chandakkar,https://scholar.google.com/citations?hl=ko&user=q2JxODsAAAAJ
Fedor Zhdanov,https://scholar.google.com/citations?hl=ko&user=2nU51vMAAAAJ
Kai Xiao,https://scholar.google.com/citations?hl=ko&user=9cbXcggAAAAJ
Nathan Ricke,https://scholar.google.com/citations?hl=ko&user=uVXXsVsAAAAJ
Farzana Anjum,https://scholar.google.com/citations?hl=ko&user=XNxOoVsAAAAJ
Aman Gupta,https://scholar.google.com/citations?hl=ko&user=vuGUPbkAAAAJ
Andreas Trier Poulsen,https://scholar.google.com/citations?hl=ko&user=7F9RaX0AAAAJ
Pooya Davoodi,https://scholar.google.com/citations?hl=ko&user=MpoOfc4AAAAJ
Filippo Arcadu,https://scholar.google.com/citations?hl=ko&user=86H7w7wAAAAJ
Don M. Dini,https://scholar.google.com/citations?hl=ko&user=whp5WS4AAAAJ
Shubhanshu Mishra,https://scholar.google.com/citations?hl=ko&user=013OA04AAAAJ
Dr. Abhay Kumar Alok (Machine Learning Scientist),https://scholar.google.com/citations?hl=ko&user=K--vlfoAAAAJ
Qian You,https://scholar.google.com/citations?hl=ko&user=YNJDyV8AAAAJ
Bobby Kim,https://scholar.google.com/citations?hl=ko&user=1CMG3NwAAAAJ
Peter Blank,https://scholar.google.com/citations?hl=ko&user=H9T8YScAAAAJ
Greg Langmead,https://scholar.google.com/citations?hl=ko&user=KFbBBPD_nAoJ
Wasim Ahmad,https://scholar.google.com/citations?hl=ko&user=coL7x0oAAAAJ
Liu Leqi,https://scholar.google.com/citations?hl=ko&user=zmbW4iUAAAAJ
Cristian Rodriguez-Opazo,https://scholar.google.com/citations?hl=ko&user=xTslnM0AAAAJ
Quan Hoang,https://scholar.google.com/citations?hl=ko&user=D4xcG3YAAAAJ
Seokjun Seo,https://scholar.google.com/citations?hl=ko&user=i8qD1XoAAAAJ
Han Gong,https://scholar.google.com/citations?hl=ko&user=Sv_2U24AAAAJ
Cheol Young Park,https://scholar.google.com/citations?hl=ko&user=Wkb8XgEAAAAJ
John Pate,https://scholar.google.com/citations?hl=ko&user=l_PGy9MAAAAJ
Maya Chuchem,https://scholar.google.com/citations?hl=ko&user=Cx5yJiAAAAAJ
Chunxu Li,https://scholar.google.com/citations?hl=ko&user=VqDBfzkAAAAJ
Reza Rashidi Far,https://scholar.google.com/citations?hl=ko&user=WE-ZBSkAAAAJ
Sajib Barua,https://scholar.google.com/citations?hl=ko&user=59TSavIAAAAJ
Sajib Barua,https://scholar.google.com/citations?hl=ko&user=vGTQaZsAAAAJ
Jan Kremer,https://scholar.google.com/citations?hl=ko&user=WVZjG2UAAAAJ
Huifeng Sun,https://scholar.google.com/citations?hl=ko&user=zpf9grMAAAAJ
Christopher Shulby,https://scholar.google.com/citations?hl=ko&user=YbVd9m8AAAAJ
Chun-Hao Liu,https://scholar.google.com/citations?hl=ko&user=NsyhKxoAAAAJ
Thai T. Pham,https://scholar.google.com/citations?hl=ko&user=tJzykd0AAAAJ
Marlies van der Wees,https://scholar.google.com/citations?hl=ko&user=7uIH-_cAAAAJ
"Soroosh Rezazadeh, PhD",https://scholar.google.com/citations?hl=ko&user=dZyYnYQAAAAJ
Martin Trapp,https://scholar.google.com/citations?hl=ko&user=GwCrZP4AAAAJ
Muriel Rovira-Esteva,https://scholar.google.com/citations?hl=ko&user=aanyxjcAAAAJ
Na Yang,https://scholar.google.com/citations?hl=ko&user=ooZB4c0AAAAJ
Peizhou Liao,https://scholar.google.com/citations?hl=ko&user=gSaZdZAAAAAJ
Raffaele Tavarone,https://scholar.google.com/citations?hl=ko&user=ajEFjcoAAAAJ
Sherin Mary Mathews,https://scholar.google.com/citations?hl=ko&user=g6ZUSO8AAAAJ
Danial Sabri Dashti,https://scholar.google.com/citations?hl=ko&user=dAVXLDoAAAAJ
Nick Ryman-Tubb,https://scholar.google.com/citations?hl=ko&user=mD3UrjcAAAAJ
Michael Moor,https://scholar.google.com/citations?hl=ko&user=Q_Y5csgAAAAJ
Ramona Leenings,https://scholar.google.com/citations?hl=ko&user=-DkyjP0AAAAJ
Abram Demski,https://scholar.google.com/citations?hl=ko&user=tsrblo8AAAAJ
Rui Ferreira,https://scholar.google.com/citations?hl=ko&user=1Got4WIAAAAJ
Yiming Zuo,https://scholar.google.com/citations?hl=ko&user=kGowknQAAAAJ
Zhi Liu,https://scholar.google.com/citations?hl=ko&user=hpzV9SEAAAAJ
Moemen Abdelrazek,https://scholar.google.com/citations?hl=ko&user=7bcODQ8AAAAJ
Pavel Levin,https://scholar.google.com/citations?hl=ko&user=-mZbpqIAAAAJ
Ojas Bapat,https://scholar.google.com/citations?hl=ko&user=i9_4jkwAAAAJ
Xuejian Wang,https://scholar.google.com/citations?hl=ko&user=JPtvkA0AAAAJ
Sadjad Yazdani,https://scholar.google.com/citations?hl=ko&user=UBwPtgsAAAAJ
Huamin Ren,https://scholar.google.com/citations?hl=ko&user=ONvqLPYAAAAJ
Aleksei Shpilman,https://scholar.google.com/citations?hl=ko&user=9I8tzzkAAAAJ
Dimche Kostadinov,https://scholar.google.com/citations?hl=ko&user=rLhTpWUAAAAJ
Zhi-Gang Fan,https://scholar.google.com/citations?hl=ko&user=f3D9kusAAAAJ
Sarah Leclerc,https://scholar.google.com/citations?hl=ko&user=OegLvG0AAAAJ
"Moe Moazzami, Ph.D.",https://scholar.google.com/citations?hl=ko&user=1rBM-3IAAAAJ
Pratik Prabhanjan Brahma,https://scholar.google.com/citations?hl=ko&user=zWczHdgAAAAJ
Harish Yenala,https://scholar.google.com/citations?hl=ko&user=anvOwjoAAAAJ
Michael A. Alcorn,https://scholar.google.com/citations?hl=ko&user=ulrFgHQAAAAJ
Christopher J. Anders,https://scholar.google.com/citations?hl=ko&user=9SIAzH4AAAAJ
Rocco De Rosa,https://scholar.google.com/citations?hl=ko&user=5MfnAewAAAAJ
Long T. Le,https://scholar.google.com/citations?hl=ko&user=C__97UYAAAAJ
Golnaz Ghasemiesfeh,https://scholar.google.com/citations?hl=ko&user=93K0LZ0AAAAJ
Michael Flynn,https://scholar.google.com/citations?hl=ko&user=MNPYrKIAAAAJ
Marina Marie-Claire Höhne (née Vidovic),https://scholar.google.com/citations?hl=ko&user=YwdAiikAAAAJ
machine learning,https://scholar.google.com/citations?hl=ko&user=EyqZRWAAAAAJ
Yunlong Jiao,https://scholar.google.com/citations?hl=ko&user=NgTM33MAAAAJ
Jessica Taylor,https://scholar.google.com/citations?hl=ko&user=UoX8VmQAAAAJ
Dr. Juliane Klatt,https://scholar.google.com/citations?hl=ko&user=igVw5iAAAAAJ
Mart van Baalen,https://scholar.google.com/citations?hl=ko&user=a-Au4JUAAAAJ
Olcay Boz,https://scholar.google.com/citations?hl=ko&user=OYPULRsAAAAJ
Henning Tjaden,https://scholar.google.com/citations?hl=ko&user=LocJK7wAAAAJ
Bill DeRose,https://scholar.google.com/citations?hl=ko&user=y5uNFK0AAAAJ
Mehdi Nikkhah,https://scholar.google.com/citations?hl=ko&user=jxbiiPkAAAAJ
Jenia Jitsev,https://scholar.google.com/citations?hl=ko&user=p1FuAMkAAAAJ
Oleg Zabluda,https://scholar.google.com/citations?hl=ko&user=09wRfS0AAAAJ
Suiyi Ling,https://scholar.google.com/citations?hl=ko&user=3ktUxjYAAAAJ
Mu Li,https://scholar.google.com/citations?hl=ko&user=BQtNytwAAAAJ
Ali Vahdat,https://scholar.google.com/citations?hl=ko&user=wdpsALwAAAAJ
Youngchul Cha,https://scholar.google.com/citations?hl=ko&user=ldP4wrIAAAAJ
Dimitrios Korkinof,https://scholar.google.com/citations?hl=ko&user=lW6FiiYAAAAJ
Natheer Alabsi,https://scholar.google.com/citations?hl=ko&user=9LYrBEUAAAAJ
Max Zimmermann,https://scholar.google.com/citations?hl=ko&user=rFSQWJYAAAAJ
Varun Bharadhwaj Lakshminarasimhan,https://scholar.google.com/citations?hl=ko&user=vOzG08oAAAAJ
Ritvik Shrivastava,https://scholar.google.com/citations?hl=ko&user=ccQ3SgsAAAAJ
Rashed Harun,https://scholar.google.com/citations?hl=ko&user=YkLi-LQAAAAJ
Enrique Garcia Perez,https://scholar.google.com/citations?hl=ko&user=LXzaGokAAAAJ
Puja Das,https://scholar.google.com/citations?hl=ko&user=Va_wPIAAAAAJ
Dr. Hyunkoo Kim,https://scholar.google.com/citations?hl=ko&user=HUqglWcAAAAJ
Waqas Rafique,https://scholar.google.com/citations?hl=ko&user=L08pBJkAAAAJ
Chao Ma,https://scholar.google.com/citations?hl=ko&user=UWP3kWEAAAAJ
He (Crane) Huang,https://scholar.google.com/citations?hl=ko&user=0oEHlGgAAAAJ
Anjishnu Kumar,https://scholar.google.com/citations?hl=ko&user=_40_1hIAAAAJ
Thomas Kehrenberg,https://scholar.google.com/citations?hl=ko&user=vQ_8c2cAAAAJ
Thomas Rowntree,https://scholar.google.com/citations?hl=ko&user=XZR6-qAAAAAJ
Seyed Amin Tabatabaei,https://scholar.google.com/citations?hl=ko&user=7OaFOIQAAAAJ
Patricia A. (Patty) Ryan,https://scholar.google.com/citations?hl=ko&user=9cCBNPkAAAAJ
Prachi Joshi,https://scholar.google.com/citations?hl=ko&user=5PY3ALYAAAAJ
Mourad Larbi,https://scholar.google.com/citations?hl=ko&user=fBkbay4AAAAJ
Fahim Mohammad,https://scholar.google.com/citations?hl=ko&user=GO0KppsAAAAJ
Robert L. Harrigan,https://scholar.google.com/citations?hl=ko&user=bqtkH04AAAAJ
Jelena Kocic,https://scholar.google.com/citations?hl=ko&user=8ywEjzcAAAAJ
Marin Vlastelica,https://scholar.google.com/citations?hl=ko&user=bmOnRUcAAAAJ
Joel Moniz,https://scholar.google.com/citations?hl=ko&user=AjpOYxAAAAAJ
Charalampos Kyriakopoulos,https://scholar.google.com/citations?hl=ko&user=wR4og8gAAAAJ
Eva García-Martín,https://scholar.google.com/citations?hl=ko&user=9LJwmLkAAAAJ
Yuan Zhang,https://scholar.google.com/citations?hl=ko&user=wQOqpxEAAAAJ
Weihan Li,https://scholar.google.com/citations?hl=ko&user=pRFdsgkAAAAJ
Abbas Raza Ali,https://scholar.google.com/citations?hl=ko&user=YDlcml4AAAAJ
Thomas Bolton,https://scholar.google.com/citations?hl=ko&user=xV_olPQAAAAJ
Daniel Xia Liu,https://scholar.google.com/citations?hl=ko&user=gYq_ah4AAAAJ
Ali Afrasiabi,https://scholar.google.com/citations?hl=ko&user=edqEjF4AAAAJ
Eduardo Vellasques,https://scholar.google.com/citations?hl=ko&user=MyQPxMYAAAAJ
Robert Richer,https://scholar.google.com/citations?hl=ko&user=bsb78d8AAAAJ
Ece Ozkan,https://scholar.google.com/citations?hl=ko&user=JMTkJPoAAAAJ
Ram Sriharsha,https://scholar.google.com/citations?hl=ko&user=1vXrOQkAAAAJ
Preeti J Pillai,https://scholar.google.com/citations?hl=ko&user=64ngaD4AAAAJ
Riccardo Sven Risuleo,https://scholar.google.com/citations?hl=ko&user=l38-5y0AAAAJ
Alexander Rajan,https://scholar.google.com/citations?hl=ko&user=mvYgJIoAAAAJ
Ildar Nurgaliev,https://scholar.google.com/citations?hl=ko&user=9OPCTakAAAAJ
Urmish Thakker,https://scholar.google.com/citations?hl=ko&user=-GPPICQAAAAJ
Kourosh Naderi,https://scholar.google.com/citations?hl=ko&user=QrNd8iwAAAAJ
Botond Attila Bócsi,https://scholar.google.com/citations?hl=ko&user=Gk7hzFUAAAAJ
Christos C. Kannas,https://scholar.google.com/citations?hl=ko&user=M8zsetkAAAAJ
Luke Kumar,https://scholar.google.com/citations?hl=ko&user=5S9kq58AAAAJ
Wesam Al-nabki,https://scholar.google.com/citations?hl=ko&user=I9uoi0gAAAAJ
Anish Mohan,https://scholar.google.com/citations?hl=ko&user=9mnfBSMAAAAJ
jaya prakash koduru,https://scholar.google.com/citations?hl=ko&user=XMoGbNgAAAAJ
Samia Chehbi Gamoura,https://scholar.google.com/citations?hl=ko&user=9IT_gUkAAAAJ
TP Scholcz,https://scholar.google.com/citations?hl=ko&user=FxcZ8a0AAAAJ
Caroline Viktoria Weis,https://scholar.google.com/citations?hl=ko&user=VkfRQm0AAAAJ
Daniel Haase,https://scholar.google.com/citations?hl=ko&user=B58vq_cAAAAJ
Felipe Coelho Argolo,https://scholar.google.com/citations?hl=ko&user=XR4ot-cAAAAJ
Sam Coope,https://scholar.google.com/citations?hl=ko&user=ueMeJT4AAAAJ
Ikram Ullah,https://scholar.google.com/citations?hl=ko&user=HjM0XDoAAAAJ
"Lingdao Sha, Ph.D",https://scholar.google.com/citations?hl=ko&user=jyNTXzsAAAAJ
Mayya Zhilova,https://scholar.google.com/citations?hl=ko&user=s1Qk4qgAAAAJ
Ali Azari,https://scholar.google.com/citations?hl=ko&user=UVxlk2IAAAAJ
"Mohammad Hosein Motamedi, PhD",https://scholar.google.com/citations?hl=ko&user=C_EdYPgAAAAJ
Edgar D. Klenske,https://scholar.google.com/citations?hl=ko&user=dlNXjGwAAAAJ
Tomasz Jach,https://scholar.google.com/citations?hl=ko&user=3JqfAN0AAAAJ
Steve Miller,https://scholar.google.com/citations?hl=ko&user=0gQABz0AAAAJ
Sertan KAYA,https://scholar.google.com/citations?hl=ko&user=PZiUqagAAAAJ
Odysseas Zisimopoulos,https://scholar.google.com/citations?hl=ko&user=SgsUoRoAAAAJ
Clarissa Castellã Xavier,https://scholar.google.com/citations?hl=ko&user=4d7XRvwAAAAJ
Alvaro Marcos-Ramiro,https://scholar.google.com/citations?hl=ko&user=5g18zasAAAAJ
Marco Bertolini,https://scholar.google.com/citations?hl=ko&user=7w453WkAAAAJ
"Abdalla Kablan, PhD",https://scholar.google.com/citations?hl=ko&user=EQIn5yIAAAAJ
AKM Shahariar Azad Rabby,https://scholar.google.com/citations?hl=ko&user=_Rm1Xk4AAAAJ
Vasileios Papadourakis,https://scholar.google.com/citations?hl=ko&user=vWdfch8AAAAJ
Sriram Narayanamoorthy,https://scholar.google.com/citations?hl=ko&user=uLMYI4cAAAAJ
Ru He,https://scholar.google.com/citations?hl=ko&user=QSVXSmIAAAAJ
Dhruv Madeka,https://scholar.google.com/citations?hl=ko&user=hCL5ibIAAAAJ
Gabriele Abbati,https://scholar.google.com/citations?hl=ko&user=FBRLkq4AAAAJ
Mark Kozdoba,https://scholar.google.com/citations?hl=ko&user=PHE-SswAAAAJ
Arman Kabiri,https://scholar.google.com/citations?hl=ko&user=vvjo3psAAAAJ
Yuanyuan (Ana) Shen,https://scholar.google.com/citations?hl=ko&user=ptCcqAUAAAAJ
Yi Zhang,https://scholar.google.com/citations?hl=ko&user=u9ICCNwAAAAJ
Alexandru Cioaca,https://scholar.google.com/citations?hl=ko&user=yPSGq2kAAAAJ
Yuval Merhav,https://scholar.google.com/citations?hl=ko&user=wyQFX6AAAAAJ
Younes Saadi,https://scholar.google.com/citations?hl=ko&user=gl2Pqr8AAAAJ
Xin Zhan,https://scholar.google.com/citations?hl=ko&user=2tok2lUAAAAJ
Gabriel de Barros Paranhos da Costa,https://scholar.google.com/citations?hl=ko&user=I-iI608AAAAJ
Samuel Murray,https://scholar.google.com/citations?hl=ko&user=xkm9R3EAAAAJ
JT Turner,https://scholar.google.com/citations?hl=ko&user=QqY6SvEAAAAJ
MengChang WANG (王孟昌),https://scholar.google.com/citations?hl=ko&user=fK7jrNMAAAAJ
Eugenia Koblents,https://scholar.google.com/citations?hl=ko&user=JDb-iDEAAAAJ
John Maiden,https://scholar.google.com/citations?hl=ko&user=lZStXFYAAAAJ
Tianlong Song,https://scholar.google.com/citations?hl=ko&user=emNf2m0AAAAJ
Justin Khim,https://scholar.google.com/citations?hl=ko&user=sIhZY-QAAAAJ
Partha Maji,https://scholar.google.com/citations?hl=ko&user=YpCuqdkAAAAJ
Sen Yang,https://scholar.google.com/citations?hl=ko&user=bQ3SkYAAAAAJ
Milad Eftekhar,https://scholar.google.com/citations?hl=ko&user=YEpznUgAAAAJ
Pierre Gutierrez,https://scholar.google.com/citations?hl=ko&user=x5fBhjwAAAAJ
Yujia Xie,https://scholar.google.com/citations?hl=ko&user=r2FiAE4AAAAJ
Julio Borges,https://scholar.google.com/citations?hl=ko&user=IUoh6nMAAAAJ
Bharat Bhushan Verma,https://scholar.google.com/citations?hl=ko&user=0ThDLQQAAAAJ
Phillip Keung,https://scholar.google.com/citations?hl=ko&user=VdI1yDcAAAAJ
Nandita Damaraju,https://scholar.google.com/citations?hl=ko&user=p-U0exkAAAAJ
Themistoklis Mavridis,https://scholar.google.com/citations?hl=ko&user=PT77u8IAAAAJ
Reheman Baikejiang,https://scholar.google.com/citations?hl=ko&user=kEpxqdMAAAAJ
Yunfei Feng Ph.D.,https://scholar.google.com/citations?hl=ko&user=2d0HxpIAAAAJ
Patrick Jähnichen,https://scholar.google.com/citations?hl=ko&user=p4f9rBIAAAAJ
Sri Kalyan Yarlagadda,https://scholar.google.com/citations?hl=ko&user=A46g34IAAAAJ
Sirish Kumar Pasupuleti,https://scholar.google.com/citations?hl=ko&user=f_Amg_0AAAAJ
Rahul Prabhu,https://scholar.google.com/citations?hl=ko&user=zB8pbY0AAAAJ
"Reza Rahimi, Ph.D.",https://scholar.google.com/citations?hl=ko&user=1Ol5Y4wAAAAJ
Sahil Garg,https://scholar.google.com/citations?hl=ko&user=Sz2mNx0AAAAJ
Adrien Kaiser,https://scholar.google.com/citations?hl=ko&user=8BcimXYAAAAJ
Anh Tuan Nguyen,https://scholar.google.com/citations?hl=ko&user=r8RQcFQAAAAJ
Kiran Chandrasekharan Nair Girijakumary,https://scholar.google.com/citations?hl=ko&user=3amX0aoAAAAJ
Ding Ding,https://scholar.google.com/citations?hl=ko&user=6glC_iEAAAAJ
Reza Ameri,https://scholar.google.com/citations?hl=ko&user=M93CkeoAAAAJ
Ulme Wennberg,https://scholar.google.com/citations?hl=ko&user=K0rTncUAAAAJ
Cigdem TURAN,https://scholar.google.com/citations?hl=ko&user=LgQvBbsAAAAJ
Torupallab Ghoshal,https://scholar.google.com/citations?hl=ko&user=3hmolcUAAAAJ
Md Nasir Uddin Laskar,https://scholar.google.com/citations?hl=ko&user=CF9k-BgAAAAJ
Dr Eric L. Ferguson,https://scholar.google.com/citations?hl=ko&user=YggMqgYAAAAJ
Jitesh Shah,https://scholar.google.com/citations?hl=ko&user=YoptSLMAAAAJ
Rafael Borges,https://scholar.google.com/citations?hl=ko&user=-NfpMNwAAAAJ
Tone Bengtsen,https://scholar.google.com/citations?hl=ko&user=S1AVIiUAAAAJ
Xiang (Sean) Cheng,https://scholar.google.com/citations?hl=ko&user=HSn4gyIAAAAJ
Peiying (Colleen) Ruan,https://scholar.google.com/citations?hl=ko&user=hAvn4OIAAAAJ
Michael Tadesse,https://scholar.google.com/citations?hl=ko&user=hSuParMAAAAJ
Anthony Garland,https://scholar.google.com/citations?hl=ko&user=TzfY5_YAAAAJ
Tianshu Lyu,https://scholar.google.com/citations?hl=ko&user=XZXIQlgAAAAJ
Karan Sharma,https://scholar.google.com/citations?hl=ko&user=_dL0__MAAAAJ
Jiaming Hu,https://scholar.google.com/citations?hl=ko&user=vm3imKsAAAAJ
Aliasger Zaidy,https://scholar.google.com/citations?hl=ko&user=YQpUrvMAAAAJ
Cuong Duc Dao,https://scholar.google.com/citations?hl=ko&user=CiXsJrcAAAAJ
Nazanin Zaker,https://scholar.google.com/citations?hl=ko&user=dKBI7ucAAAAJ
Elham Sakhaee,https://scholar.google.com/citations?hl=ko&user=KyWrwpEAAAAJ
Rodrigo CLV Cunha,https://scholar.google.com/citations?hl=ko&user=bZSRHmYAAAAJ
Mina Gheiratmand,https://scholar.google.com/citations?hl=ko&user=RUujCewAAAAJ
Nidhi Vyas,https://scholar.google.com/citations?hl=ko&user=F9-rZXkAAAAJ
Miguel Luna,https://scholar.google.com/citations?hl=ko&user=aeTghMAAAAAJ
Raazia Mazhar Ali,https://scholar.google.com/citations?hl=ko&user=vmlQtXgAAAAJ
Ankit Gandhi,https://scholar.google.com/citations?hl=ko&user=IjvU4iIAAAAJ
Narayana Darapaneni,https://scholar.google.com/citations?hl=ko&user=b7RXqoYAAAAJ
Laura von Rueden,https://scholar.google.com/citations?hl=ko&user=C9XoWToAAAAJ
Sayak Paul,https://scholar.google.com/citations?hl=ko&user=ecW-EE4AAAAJ
Nicki Skafte Detlefsen,https://scholar.google.com/citations?hl=ko&user=0v4MJq8AAAAJ
Florian Toqué,https://scholar.google.com/citations?hl=ko&user=LMZU9q8AAAAJ
Sawsan Kanj,https://scholar.google.com/citations?hl=ko&user=6g6MLA0AAAAJ
Juan Daniel Valor Miró,https://scholar.google.com/citations?hl=ko&user=0AgqxeYAAAAJ
Ahmed Taei,https://scholar.google.com/citations?hl=ko&user=kzsN_lQAAAAJ
Ritwik Gupta,https://scholar.google.com/citations?hl=ko&user=4Cdwp_MAAAAJ
Ziheng Wang,https://scholar.google.com/citations?hl=ko&user=avB1gmwAAAAJ
Pooja A,https://scholar.google.com/citations?hl=ko&user=3DHNeqoAAAAJ
Pranoot Hatwar,https://scholar.google.com/citations?hl=ko&user=DV9syHsAAAAJ
Avik Basu,https://scholar.google.com/citations?hl=ko&user=zLUMgkMAAAAJ
Gianluca Detommaso,https://scholar.google.com/citations?hl=ko&user=68BNz2EAAAAJ
Lituan Wang,https://scholar.google.com/citations?hl=ko&user=Xg5b5IoAAAAJ
Ravi Teja Gadde,https://scholar.google.com/citations?hl=ko&user=7heU14QAAAAJ
Thomas Weßling (né Bögel),https://scholar.google.com/citations?hl=ko&user=BZUH9OkAAAAJ
Chia-Wen Kuo,https://scholar.google.com/citations?hl=ko&user=iip65VkAAAAJ
Hrvoje Stojic,https://scholar.google.com/citations?hl=ko&user=wTjU3isAAAAJ
Andrey Voloshko,https://scholar.google.com/citations?hl=ko&user=yFUh9FwAAAAJ
Kyung-Hwan Shim,https://scholar.google.com/citations?hl=ko&user=H5vWilEAAAAJ
Lukas Tencer,https://scholar.google.com/citations?hl=ko&user=tQL8NQkAAAAJ
Stamatina Thomaidou,https://scholar.google.com/citations?hl=ko&user=le0CBRIAAAAJ
Pradyumna Byappanahalli Suresha,https://scholar.google.com/citations?hl=ko&user=AL6MLCQAAAAJ
Xiang He,https://scholar.google.com/citations?hl=ko&user=kd_4nIYAAAAJ
Kapil Mehrotra,https://scholar.google.com/citations?hl=ko&user=UiSqumUAAAAJ
Longxiang Zhang,https://scholar.google.com/citations?hl=ko&user=JZaaMWcAAAAJ
Julian Zimmermann,https://scholar.google.com/citations?hl=ko&user=L1NB5BgAAAAJ
Milad Kharratzadeh,https://scholar.google.com/citations?hl=ko&user=YuE80dMAAAAJ
Xiaocong Du,https://scholar.google.com/citations?hl=ko&user=wctRExYAAAAJ
Alois Gruson,https://scholar.google.com/citations?hl=ko&user=t3RcLDwAAAAJ
Camilo Andrés Cáceres Flórez,https://scholar.google.com/citations?hl=ko&user=325XocAAAAAJ
Tong Wu,https://scholar.google.com/citations?hl=ko&user=pz3nnhoAAAAJ
Carlos Madrigal,https://scholar.google.com/citations?hl=ko&user=7LmleV0AAAAJ
Elisavet Palogiannidi,https://scholar.google.com/citations?hl=ko&user=5Rdrg5kAAAAJ
Kainan Wang,https://scholar.google.com/citations?hl=ko&user=vWJn1sEAAAAJ
Shrinath Deshpande,https://scholar.google.com/citations?hl=ko&user=7RR6d4EAAAAJ
Yingru Liu,https://scholar.google.com/citations?hl=ko&user=dDT1fjEAAAAJ
Aaksha Meghawat,https://scholar.google.com/citations?hl=ko&user=m2iCSJIAAAAJ
Zekarias Tilahun Kefato,https://scholar.google.com/citations?hl=ko&user=1A6eikYAAAAJ
Joe Napoli,https://scholar.google.com/citations?hl=ko&user=UXzFDIkAAAAJ
Sankeerth Rao Karingula,https://scholar.google.com/citations?hl=ko&user=urPCI_QAAAAJ
Rafal Sadziak,https://scholar.google.com/citations?hl=ko&user=LkkE0ZgAAAAJ
Erika JC Laing,https://scholar.google.com/citations?hl=ko&user=fjBDMMoAAAAJ
Mohammad Sanatkar,https://scholar.google.com/citations?hl=ko&user=8NtNFOcAAAAJ
somaye alizadeh,https://scholar.google.com/citations?hl=ko&user=lKlf-FsAAAAJ
Rishabh Misra,https://scholar.google.com/citations?hl=ko&user=EN3OcMsAAAAJ
Vinh Khuc,https://scholar.google.com/citations?hl=ko&user=KkLL4-IAAAAJ
Kanishka Tyagi,https://scholar.google.com/citations?hl=ko&user=DJF0FGYAAAAJ
Jonathan Lwowski,https://scholar.google.com/citations?hl=ko&user=KaefZF4AAAAJ
"Amine Ben Khalifa, PhD",https://scholar.google.com/citations?hl=ko&user=GKenlZ4AAAAJ
Nadieh Khalili,https://scholar.google.com/citations?hl=ko&user=xMM4GdgAAAAJ
Siddharth Ancha,https://scholar.google.com/citations?hl=ko&user=H8e3R2JADJEC
Pietro Cavallo,https://scholar.google.com/citations?hl=ko&user=gHLUIroAAAAJ
Anwesha Law,https://scholar.google.com/citations?hl=ko&user=YPUKY1MAAAAJ
Saurabh Garg,https://scholar.google.com/citations?hl=ko&user=SAnJ1hIAAAAJ
Aleksandr Patsekin,https://scholar.google.com/citations?hl=ko&user=OcNwCVcAAAAJ
Witali Aswolinskiy,https://scholar.google.com/citations?hl=ko&user=FVJTdrcAAAAJ
Dimitrios Sakkos,https://scholar.google.com/citations?hl=ko&user=BgBdDycAAAAJ
Tushaar Gangavarapu,https://scholar.google.com/citations?hl=ko&user=C7v_cA8AAAAJ
Firas Shama,https://scholar.google.com/citations?hl=ko&user=a0L77FEAAAAJ
Dr Santhosh P Mathew,https://scholar.google.com/citations?hl=ko&user=WgsbBrIAAAAJ
Abdelrahim Kasem Ahmad,https://scholar.google.com/citations?hl=ko&user=kuv_1KQAAAAJ
Ravi Panchumarthy,https://scholar.google.com/citations?hl=ko&user=OvgJUmoAAAAJ
Benedikt Mayer,https://scholar.google.com/citations?hl=ko&user=ZHmZq24AAAAJ
"Rishikesh Ranade, Ph.D.",https://scholar.google.com/citations?hl=ko&user=Gb7qV4oAAAAJ
David Etter,https://scholar.google.com/citations?hl=ko&user=HQaJIJYAAAAJ
Tomer Meir,https://scholar.google.com/citations?hl=ko&user=7NqD54oAAAAJ
Xavier Timoneda,https://scholar.google.com/citations?hl=ko&user=XIBgaEoAAAAJ
Dominique Beaini,https://scholar.google.com/citations?hl=ko&user=ScCOIx0AAAAJ
Rishabh Shukla,https://scholar.google.com/citations?hl=ko&user=NMJsRBEAAAAJ
Ioannis Efstathiou,https://scholar.google.com/citations?hl=ko&user=EJm-94oAAAAJ
Wasifa Chowdhury,https://scholar.google.com/citations?hl=ko&user=8Tn9YCYAAAAJ
Oliver Watt-Meyer,https://scholar.google.com/citations?hl=ko&user=R-T2dmgAAAAJ
Anoop Katti,https://scholar.google.com/citations?hl=ko&user=yqOcruAAAAAJ
Arne Küderle,https://scholar.google.com/citations?hl=ko&user=J0PxBd0AAAAJ
Nicola Ferroni,https://scholar.google.com/citations?hl=ko&user=aXCSSoYAAAAJ
Riley Edmunds,https://scholar.google.com/citations?hl=ko&user=PJSVA_QAAAAJ
Raneem Qaddoura,https://scholar.google.com/citations?hl=ko&user=mrzhqK8AAAAJ
Shivanthan Yohanandan,https://scholar.google.com/citations?hl=ko&user=SZz-uiwAAAAJ
Vignesh Ganapathi-Subramanian,https://scholar.google.com/citations?hl=ko&user=htmCY1QAAAAJ
Ugo Chirico,https://scholar.google.com/citations?hl=ko&user=dvSep0UAAAAJ
Cuong Q. Nguyen,https://scholar.google.com/citations?hl=ko&user=2vioZAYAAAAJ
Balázs Lóránd,https://scholar.google.com/citations?hl=ko&user=oDkWSf8AAAAJ
Boleslaw Osinski,https://scholar.google.com/citations?hl=ko&user=Zv1x2Z0AAAAJ
Hayden Faulkner,https://scholar.google.com/citations?hl=ko&user=aHm_jNEAAAAJ
Yuanpei Cao,https://scholar.google.com/citations?hl=ko&user=NeDKHAcAAAAJ
Luca Corinzia,https://scholar.google.com/citations?hl=ko&user=8vZePGgAAAAJ
Clement SJ Doire,https://scholar.google.com/citations?hl=ko&user=C6snTpkAAAAJ
Amil Khan,https://scholar.google.com/citations?hl=ko&user=r6jNH5UAAAAJ
Elisabeth Rumetshofer,https://scholar.google.com/citations?hl=ko&user=0AUdatYAAAAJ
Sukirty Jain,https://scholar.google.com/citations?hl=ko&user=AYlOTX4AAAAJ
Belal Ahmad,https://scholar.google.com/citations?hl=ko&user=tUqiHR8AAAAJ
Kamel MADI,https://scholar.google.com/citations?hl=ko&user=r1zUCKAAAAAJ
Kazi Ishfaq Ahmed,https://scholar.google.com/citations?hl=ko&user=KWPzCisAAAAJ
Lei Liu,https://scholar.google.com/citations?hl=ko&user=cQ1s9h4AAAAJ
Sourabh Kulhare,https://scholar.google.com/citations?hl=ko&user=hTZnzOQAAAAJ
Vinay Shashidhar,https://scholar.google.com/citations?hl=ko&user=kRJsTL8AAAAJ
rami N mahdi,https://scholar.google.com/citations?hl=ko&user=8ij1zPYAAAAJ
Vincent Havard,https://scholar.google.com/citations?hl=ko&user=8cdy5n8AAAAJ
Lorenzo Luciano,https://scholar.google.com/citations?hl=ko&user=AAhPE14AAAAJ
Luciano Paz,https://scholar.google.com/citations?hl=ko&user=EoFSUS8AAAAJ
Michael Meyer,https://scholar.google.com/citations?hl=ko&user=4Zl-RwcAAAAJ
Nora El-Rashidy,https://scholar.google.com/citations?hl=ko&user=Qyui5McAAAAJ
Nils Roth,https://scholar.google.com/citations?hl=ko&user=g6o6sWgAAAAJ
Aciel Eshky,https://scholar.google.com/citations?hl=ko&user=wxZJ_RgAAAAJ
Nikolaos Barmpalios,https://scholar.google.com/citations?hl=ko&user=Yp4dul4AAAAJ
Ilan Ben-Bassat,https://scholar.google.com/citations?hl=ko&user=9ZLgFDsAAAAJ
Matthia Sabatelli,https://scholar.google.com/citations?hl=ko&user=YO2Php8AAAAJ
Eshan Verma,https://scholar.google.com/citations?hl=ko&user=2dDfKwUAAAAJ
Manav Mehra,https://scholar.google.com/citations?hl=ko&user=islhRBsAAAAJ
Emilio Vicari,https://scholar.google.com/citations?hl=ko&user=reD1jYcAAAAJ
Shiva Shahrokhi,https://scholar.google.com/citations?hl=ko&user=JHzOIEgAAAAJ
"Xia Huang, Ph.D.",https://scholar.google.com/citations?hl=ko&user=4wpNszMAAAAJ
Laura Seaman,https://scholar.google.com/citations?hl=ko&user=9kpdD9IAAAAJ
Vineet Kushwaha,https://scholar.google.com/citations?hl=ko&user=U3dzeZoAAAAJ
Goutham Ramakrishnan,https://scholar.google.com/citations?hl=ko&user=NPeVsqwAAAAJ
Manik Goyal,https://scholar.google.com/citations?hl=ko&user=4n7kixwAAAAJ
Neutrosophic Computing And Machine Learning,https://scholar.google.com/citations?hl=ko&user=dbDt0fIAAAAJ
Sampreeti Ghosh,https://scholar.google.com/citations?hl=ko&user=RvWSq1cAAAAJ
Saulo Pedro,https://scholar.google.com/citations?hl=ko&user=Kz0xxhoAAAAJ
Ioannis Xygonakis,https://scholar.google.com/citations?hl=ko&user=gOJuelkAAAAJ
Henry B Moss,https://scholar.google.com/citations?hl=ko&user=m00SvLMAAAAJ
Ikram Chairi,https://scholar.google.com/citations?hl=ko&user=XMTrBt0AAAAJ
Yash Garg,https://scholar.google.com/citations?hl=ko&user=SCfJmDcAAAAJ
